Date,Month,MonthSort,Year,Quarter,Channel,Source,Campaign,Impressions,Clicks,Spend,VideoViews,Conversions,Revenue,CTR_pct,CPM,CPC,ConversionRate_pct
2026-04-12,Apr 2026,2026-04,2026,Q2 2026,Paid Search,Google Analytics,Retargeting Display,214416,6432,17688.0,32162,386,212300.0,2.9998,82.4938,2.75,6.0012
2026-03-12,Mar 2026,2026-03,2026,Q1 2026,Paid Social,Bing Ads,Demo Requests,229377,6881,18922.75,34407,413,227150.0,2.9999,82.4963,2.75,6.002
2026-03-09,Mar 2026,2026-03,2026,Q1 2026,Organic,StackAdapt,LinkedIn Lead Gen,159865,4796,13189.0,23980,288,158400.0,3.0,82.5009,2.75,6.005
2026-03-31,Mar 2026,2026-03,2026,Q1 2026,Organic,Google Analytics,Facebook Prospecting,175369,5261,14467.75,26305,316,173800.0,3.0,82.4989,2.75,6.0065
2026-02-05,Feb 2026,2026-02,2026,Q1 2026,Paid Search,LinkedIn Ads,Organic Content,153937,4618,12699.5,23091,277,152350.0,2.9999,82.498,2.75,5.9983
2026-03-21,Mar 2026,2026-03,2026,Q1 2026,Organic,HubSpot,Google Nonbrand,45249,1357,3731.75,6787,81,44550.0,2.999,82.4714,2.75,5.969
2025-12-26,Dec 2025,2025-12,2025,Q4 2025,Paid Search,Bing Ads,Bing Search,228351,6851,18840.25,34253,411,226050.0,3.0002,82.5057,2.75,5.9991
2026-01-13,Jan 2026,2026-01,2026,Q1 2026,Organic,Google Analytics,Demo Requests,18710,561,1542.75,2807,34,18700.0,2.9984,82.4559,2.75,6.0606
2026-03-28,Mar 2026,2026-03,2026,Q1 2026,Programmatic,Bing Ads,Brand Search,46244,1387,3814.25,6937,83,45650.0,2.9993,82.481,2.75,5.9841
2026-03-16,Mar 2026,2026-03,2026,Q1 2026,Programmatic,Bing Ads,Organic Content,100613,3018,8299.5,15092,181,99550.0,2.9996,82.4893,2.75,5.9973
2025-12-24,Dec 2025,2025-12,2025,Q4 2025,Organic,HubSpot,Facebook Prospecting,208929,6268,17237.0,31339,376,206800.0,3.0001,82.5017,2.75,5.9987
2026-02-17,Feb 2026,2026-02,2026,Q1 2026,Paid Social,Amazon Ad Server,Brand Search,54880,1646,4526.5,8232,99,54450.0,2.9993,82.48,2.75,6.0146
2026-03-09,Mar 2026,2026-03,2026,Q1 2026,Paid Search,Amazon Ad Server,Email Nurture,205077,6152,16918.0,30762,369,202950.0,2.9998,82.4958,2.75,5.998
2026-03-24,Mar 2026,2026-03,2026,Q1 2026,Organic,Bing Ads,Email Nurture,121541,3646,10026.5,18231,219,120450.0,2.9998,82.4948,2.75,6.0066
2025-12-16,Dec 2025,2025-12,2025,Q4 2025,Organic,Bing Ads,Google Nonbrand,20158,605,1663.75,3024,36,19800.0,3.0013,82.5355,2.75,5.9504
2026-03-09,Mar 2026,2026-03,2026,Q1 2026,Paid Search,Google Analytics,Competitor Search,126132,3784,10406.0,18920,227,124850.0,3.0,82.5009,2.75,5.9989
2025-12-15,Dec 2025,2025-12,2025,Q4 2025,Paid Search,HubSpot,Retargeting Display,123846,3715,10216.25,18577,223,122650.0,2.9997,82.4916,2.75,6.0027
2026-01-03,Jan 2026,2026-01,2026,Q1 2026,Paid Search,StackAdapt,Facebook Prospecting,24718,742,2040.5,3708,45,24750.0,3.0019,82.5512,2.75,6.0647
2026-02-09,Feb 2026,2026-02,2026,Q1 2026,Organic,Google Ads,Bing Search,220869,6626,18221.5,33130,398,218900.0,3.0,82.4991,2.75,6.0066
2026-02-27,Feb 2026,2026-02,2026,Q1 2026,Paid Search,Amazon Ad Server,Brand Search,239889,7197,19791.75,35983,432,237600.0,3.0001,82.5038,2.75,6.0025
2026-02-22,Feb 2026,2026-02,2026,Q1 2026,Paid Search,Amazon Ad Server,Retargeting Display,47830,1435,3946.25,7175,86,47300.0,3.0002,82.5057,2.75,5.993
2026-03-13,Mar 2026,2026-03,2026,Q1 2026,Paid Social,HubSpot,Demo Requests,162785,4884,13431.0,24418,293,161150.0,3.0003,82.5076,2.75,5.9992
2026-03-14,Mar 2026,2026-03,2026,Q1 2026,Programmatic,Bing Ads,Facebook Prospecting,126604,3798,10444.5,18991,228,125400.0,2.9999,82.4974,2.75,6.0032
2026-03-10,Mar 2026,2026-03,2026,Q1 2026,Organic,Facebook Ads,Demo Requests,130297,3909,10749.75,19545,235,129250.0,3.0001,82.5019,2.75,6.0118
2026-03-20,Mar 2026,2026-03,2026,Q1 2026,Paid Search,Bing Ads,Google Nonbrand,8885,267,734.25,1333,16,8800.0,3.0051,82.6393,2.75,5.9925
2025-12-15,Dec 2025,2025-12,2025,Q4 2025,Paid Social,StackAdapt,Brand Search,108244,3247,8929.25,16237,195,107250.0,2.9997,82.4919,2.75,6.0055
2025-12-18,Dec 2025,2025-12,2025,Q4 2025,Organic,Google Analytics,Bing Search,235630,7069,19439.75,35345,424,233200.0,3.0,82.5012,2.75,5.998
2026-02-21,Feb 2026,2026-02,2026,Q1 2026,Paid Search,Facebook Ads,Google Nonbrand,245702,7371,20270.25,36855,442,243100.0,3.0,82.4993,2.75,5.9965
2026-03-06,Mar 2026,2026-03,2026,Q1 2026,Paid Social,Amazon Ad Server,Email Nurture,209416,6282,17275.5,31412,377,207350.0,2.9998,82.4937,2.75,6.0013
2026-03-08,Mar 2026,2026-03,2026,Q1 2026,Paid Social,Google Analytics,LinkedIn Lead Gen,190611,5718,15724.5,28592,343,188650.0,2.9998,82.4952,2.75,5.9986
2025-11-24,Nov 2025,2025-11,2025,Q4 2025,Paid Search,LinkedIn Ads,Demo Requests,199292,5979,16442.25,29894,359,197450.0,3.0001,82.5033,2.75,6.0043
2025-11-14,Nov 2025,2025-11,2025,Q4 2025,Paid Social,Amazon Ad Server,Email Nurture,76865,2306,6341.5,11530,138,75900.0,3.0001,82.5018,2.75,5.9844
2025-12-01,Dec 2025,2025-12,2025,Q4 2025,Paid Social,Bing Ads,Facebook Prospecting,138242,4147,11404.25,20736,249,136950.0,2.9998,82.4948,2.75,6.0043
2026-02-17,Feb 2026,2026-02,2026,Q1 2026,Paid Search,Amazon Ad Server,Awareness Push,102653,3080,8470.0,15398,185,101750.0,3.0004,82.511,2.75,6.0065
2026-04-21,Apr 2026,2026-04,2026,Q2 2026,Organic,Google Ads,Facebook Prospecting,222967,6689,18394.75,33445,401,220550.0,3.0,82.4999,2.75,5.9949
2025-11-09,Nov 2025,2025-11,2025,Q4 2025,Programmatic,Bing Ads,Competitor Search,51482,1544,4246.0,7722,93,51150.0,2.9991,82.4754,2.75,6.0233
2025-12-25,Dec 2025,2025-12,2025,Q4 2025,Paid Social,StackAdapt,Brand Search,184044,5521,15182.75,27607,331,182050.0,2.9998,82.4952,2.75,5.9953
2026-03-22,Mar 2026,2026-03,2026,Q1 2026,Paid Search,HubSpot,Google Nonbrand,86846,2605,7163.75,13027,156,85800.0,2.9996,82.488,2.75,5.9885
2025-11-30,Nov 2025,2025-11,2025,Q4 2025,Organic,Google Ads,Facebook Prospecting,204096,6123,16838.25,30614,367,201850.0,3.0001,82.5016,2.75,5.9938
2026-02-15,Feb 2026,2026-02,2026,Q1 2026,Organic,Amazon Ad Server,Bing Search,166130,4984,13706.0,24920,299,164450.0,3.0001,82.5017,2.75,5.9992
2025-12-22,Dec 2025,2025-12,2025,Q4 2025,Programmatic,Amazon Ad Server,Facebook Prospecting,29326,880,2420.0,4399,53,29150.0,3.0008,82.5206,2.75,6.0227
2026-04-09,Apr 2026,2026-04,2026,Q2 2026,Paid Social,Amazon Ad Server,LinkedIn Lead Gen,194548,5836,16049.0,29182,350,192500.0,2.9998,82.4938,2.75,5.9973
2026-03-07,Mar 2026,2026-03,2026,Q1 2026,Paid Search,StackAdapt,Bing Search,207855,6236,17149.0,31178,374,205700.0,3.0002,82.5046,2.75,5.9974
2026-03-24,Mar 2026,2026-03,2026,Q1 2026,Paid Search,Google Analytics,Bing Search,214882,6446,17726.5,32232,387,212850.0,2.9998,82.4941,2.75,6.0037
2026-03-12,Mar 2026,2026-03,2026,Q1 2026,Paid Search,HubSpot,Brand Search,108155,3245,8923.75,16223,195,107250.0,3.0003,82.5089,2.75,6.0092
2025-12-20,Dec 2025,2025-12,2025,Q4 2025,Programmatic,HubSpot,Bing Search,54988,1650,4537.5,8248,99,54450.0,3.0007,82.518,2.75,6.0
2026-01-19,Jan 2026,2026-01,2026,Q1 2026,Paid Search,StackAdapt,Enterprise ABM,129412,3882,10675.5,19412,233,128150.0,2.9997,82.4924,2.75,6.0021
2026-02-22,Feb 2026,2026-02,2026,Q1 2026,Organic,Bing Ads,Bing Search,89079,2672,7348.0,13362,160,88000.0,2.9996,82.4886,2.75,5.988
2026-03-23,Mar 2026,2026-03,2026,Q1 2026,Paid Search,Bing Ads,Facebook Prospecting,165861,4976,13684.0,24879,299,164450.0,3.0001,82.5028,2.75,6.0088
2026-01-15,Jan 2026,2026-01,2026,Q1 2026,Organic,Amazon Ad Server,Brand Search,198927,5968,16412.0,29839,358,196900.0,3.0001,82.5026,2.75,5.9987
2025-11-13,Nov 2025,2025-11,2025,Q4 2025,Paid Search,HubSpot,Email Nurture,71349,2140,5885.0,10702,128,70400.0,2.9993,82.4819,2.75,5.9813
2025-12-07,Dec 2025,2025-12,2025,Q4 2025,Paid Search,LinkedIn Ads,Brand Search,179424,5383,14803.25,26914,323,177650.0,3.0002,82.5043,2.75,6.0004
2026-02-04,Feb 2026,2026-02,2026,Q1 2026,Paid Social,Facebook Ads,Enterprise ABM,214320,6430,17682.5,32148,386,212300.0,3.0002,82.5051,2.75,6.0031
2025-12-23,Dec 2025,2025-12,2025,Q4 2025,Organic,StackAdapt,Bing Search,64512,1935,5321.25,9677,116,63800.0,2.9994,82.4847,2.75,5.9948
2026-03-27,Mar 2026,2026-03,2026,Q1 2026,Paid Social,Bing Ads,Bing Search,94459,2834,7793.5,14169,170,93500.0,3.0002,82.5067,2.75,5.9986
2026-03-06,Mar 2026,2026-03,2026,Q1 2026,Paid Social,Amazon Ad Server,Facebook Prospecting,16478,494,1358.5,2472,30,16500.0,2.9979,82.4433,2.75,6.0729
2025-12-14,Dec 2025,2025-12,2025,Q4 2025,Organic,Amazon Ad Server,Demo Requests,169212,5076,13959.0,25382,305,167750.0,2.9998,82.4941,2.75,6.0087
2025-11-16,Nov 2025,2025-11,2025,Q4 2025,Paid Social,HubSpot,Retargeting Display,63184,1896,5214.0,9478,114,62700.0,3.0008,82.5209,2.75,6.0127
2026-04-03,Apr 2026,2026-04,2026,Q2 2026,Organic,Bing Ads,Competitor Search,164813,4944,13596.0,24722,297,163350.0,2.9998,82.4935,2.75,6.0073
2026-02-24,Feb 2026,2026-02,2026,Q1 2026,Programmatic,Bing Ads,Bing Search,141614,4248,11682.0,21242,255,140250.0,2.9997,82.4918,2.75,6.0028
2026-03-06,Mar 2026,2026-03,2026,Q1 2026,Paid Search,Google Ads,Brand Search,93876,2816,7744.0,14081,169,92950.0,2.9997,82.4918,2.75,6.0014
2026-02-28,Feb 2026,2026-02,2026,Q1 2026,Paid Search,Facebook Ads,Bing Search,56741,1702,4680.5,8511,102,56100.0,2.9996,82.4889,2.75,5.9929
2025-11-23,Nov 2025,2025-11,2025,Q4 2025,Paid Social,StackAdapt,Google Nonbrand,46883,1406,3866.5,7032,84,46200.0,2.999,82.4713,2.75,5.9744
2026-03-01,Mar 2026,2026-03,2026,Q1 2026,Programmatic,Google Analytics,LinkedIn Lead Gen,106971,3209,8824.75,16046,193,106150.0,2.9999,82.4967,2.75,6.0143
2026-02-04,Feb 2026,2026-02,2026,Q1 2026,Programmatic,Bing Ads,Demo Requests,200102,6003,16508.25,30015,360,198000.0,3.0,82.4992,2.75,5.997
2026-03-04,Mar 2026,2026-03,2026,Q1 2026,Paid Social,StackAdapt,Retargeting Display,183960,5519,15177.25,27594,331,182050.0,3.0001,82.503,2.75,5.9975
2025-12-14,Dec 2025,2025-12,2025,Q4 2025,Paid Search,HubSpot,Brand Search,96051,2882,7925.5,14408,173,95150.0,3.0005,82.5135,2.75,6.0028
2026-01-31,Jan 2026,2026-01,2026,Q1 2026,Paid Social,LinkedIn Ads,Email Nurture,44094,1323,3638.25,6614,79,43450.0,3.0004,82.5112,2.75,5.9713
2026-02-16,Feb 2026,2026-02,2026,Q1 2026,Organic,LinkedIn Ads,Organic Content,228131,6844,18821.0,34220,411,226050.0,3.0,82.5008,2.75,6.0053
2025-11-13,Nov 2025,2025-11,2025,Q4 2025,Paid Social,Bing Ads,Email Nurture,216572,6497,17866.75,32486,390,214500.0,2.9999,82.498,2.75,6.0028
2026-01-24,Jan 2026,2026-01,2026,Q1 2026,Paid Social,Google Analytics,Facebook Prospecting,152406,4572,12573.0,22861,274,150700.0,2.9999,82.4968,2.75,5.993
2025-11-10,Nov 2025,2025-11,2025,Q4 2025,Programmatic,Google Ads,Facebook Prospecting,73252,2198,6044.5,10988,132,72600.0,3.0006,82.5165,2.75,6.0055
2025-12-24,Dec 2025,2025-12,2025,Q4 2025,Programmatic,Google Ads,Enterprise ABM,173195,5196,14289.0,25979,312,171600.0,3.0001,82.5024,2.75,6.0046
2026-02-24,Feb 2026,2026-02,2026,Q1 2026,Organic,HubSpot,Organic Content,136983,4109,11299.75,20547,247,135850.0,2.9996,82.4902,2.75,6.0112
2026-03-09,Mar 2026,2026-03,2026,Q1 2026,Organic,Facebook Ads,Facebook Prospecting,128103,3843,10568.25,19215,231,127050.0,2.9999,82.4981,2.75,6.0109
2025-11-05,Nov 2025,2025-11,2025,Q4 2025,Programmatic,Amazon Ad Server,Retargeting Display,134097,4023,11063.25,20115,241,132550.0,3.0001,82.5018,2.75,5.9906
2025-12-06,Dec 2025,2025-12,2025,Q4 2025,Organic,Bing Ads,Enterprise ABM,33921,1018,2799.5,5088,61,33550.0,3.0011,82.53,2.75,5.9921
2026-04-05,Apr 2026,2026-04,2026,Q2 2026,Organic,HubSpot,Bing Search,33643,1009,2774.75,5046,61,33550.0,2.9991,82.4763,2.75,6.0456
2025-12-14,Dec 2025,2025-12,2025,Q4 2025,Organic,HubSpot,Email Nurture,93465,2804,7711.0,14020,168,92400.0,3.0001,82.5015,2.75,5.9914
2025-11-07,Nov 2025,2025-11,2025,Q4 2025,Organic,Bing Ads,Enterprise ABM,36804,1104,3036.0,5521,66,36300.0,2.9997,82.491,2.75,5.9783
2025-12-30,Dec 2025,2025-12,2025,Q4 2025,Paid Social,Amazon Ad Server,Organic Content,103316,3099,8522.25,15497,186,102300.0,2.9995,82.4872,2.75,6.0019
2026-03-27,Mar 2026,2026-03,2026,Q1 2026,Organic,HubSpot,Bing Search,194979,5849,16084.75,29247,351,193050.0,2.9998,82.4948,2.75,6.001
2026-04-03,Apr 2026,2026-04,2026,Q2 2026,Paid Social,Google Analytics,LinkedIn Lead Gen,14096,423,1163.25,2114,25,13750.0,3.0009,82.5234,2.75,5.9102
2025-12-08,Dec 2025,2025-12,2025,Q4 2025,Paid Search,Facebook Ads,Facebook Prospecting,124872,3746,10301.5,18731,225,123750.0,2.9999,82.4965,2.75,6.0064
2025-12-29,Dec 2025,2025-12,2025,Q4 2025,Paid Social,StackAdapt,Brand Search,239753,7193,19780.75,35963,432,237600.0,3.0002,82.5047,2.75,6.0058
2026-01-09,Jan 2026,2026-01,2026,Q1 2026,Organic,Amazon Ad Server,Facebook Prospecting,130075,3902,10730.5,19511,234,128700.0,2.9998,82.4947,2.75,5.9969
2026-02-08,Feb 2026,2026-02,2026,Q1 2026,Programmatic,Google Analytics,Awareness Push,81956,2459,6762.25,12293,148,81400.0,3.0004,82.5107,2.75,6.0187
2026-02-01,Feb 2026,2026-02,2026,Q1 2026,Paid Social,Google Ads,LinkedIn Lead Gen,157089,4713,12960.75,23563,283,155650.0,3.0002,82.5058,2.75,6.0047
2026-01-23,Jan 2026,2026-01,2026,Q1 2026,Paid Social,HubSpot,Demo Requests,9696,291,800.25,1454,17,9350.0,3.0012,82.534,2.75,5.8419
2026-03-11,Mar 2026,2026-03,2026,Q1 2026,Paid Social,HubSpot,Organic Content,176698,5301,14577.75,26505,318,174900.0,3.0,82.5009,2.75,5.9989
2025-12-16,Dec 2025,2025-12,2025,Q4 2025,Paid Search,Amazon Ad Server,Enterprise ABM,16133,484,1331.0,2420,29,15950.0,3.0001,82.5017,2.75,5.9917
2025-12-04,Dec 2025,2025-12,2025,Q4 2025,Paid Search,LinkedIn Ads,Bing Search,53559,1607,4419.25,8034,96,52800.0,3.0004,82.5118,2.75,5.9739
2026-03-03,Mar 2026,2026-03,2026,Q1 2026,Programmatic,Google Ads,Email Nurture,239064,7172,19723.0,35860,430,236500.0,3.0,82.5009,2.75,5.9955
2026-01-06,Jan 2026,2026-01,2026,Q1 2026,Organic,Facebook Ads,Awareness Push,53068,1592,4378.0,7960,96,52800.0,2.9999,82.4979,2.75,6.0302
2026-04-18,Apr 2026,2026-04,2026,Q2 2026,Paid Social,Amazon Ad Server,Organic Content,241482,7244,19921.0,36222,435,239250.0,2.9998,82.4948,2.75,6.005
2026-02-22,Feb 2026,2026-02,2026,Q1 2026,Paid Social,Bing Ads,Brand Search,187704,5631,15485.25,28156,338,185900.0,2.9999,82.4982,2.75,6.0025
2025-11-10,Nov 2025,2025-11,2025,Q4 2025,Paid Search,Bing Ads,Competitor Search,229450,6884,18931.0,34418,413,227150.0,3.0002,82.506,2.75,5.9994
2025-12-17,Dec 2025,2025-12,2025,Q4 2025,Paid Search,HubSpot,Enterprise ABM,229785,6894,18958.5,34468,414,227700.0,3.0002,82.5054,2.75,6.0052
2026-04-23,Apr 2026,2026-04,2026,Q2 2026,Programmatic,Google Ads,Competitor Search,139536,4186,11511.5,20930,251,138050.0,2.9999,82.4984,2.75,5.9962
2026-02-18,Feb 2026,2026-02,2026,Q1 2026,Paid Social,Facebook Ads,Facebook Prospecting,215712,6471,17795.25,32357,388,213400.0,2.9998,82.4954,2.75,5.996
2026-04-10,Apr 2026,2026-04,2026,Q2 2026,Programmatic,Bing Ads,Retargeting Display,149360,4481,12322.75,22404,269,147950.0,3.0001,82.5037,2.75,6.0031
2025-12-06,Dec 2025,2025-12,2025,Q4 2025,Programmatic,Bing Ads,Demo Requests,85797,2574,7078.5,12870,154,84700.0,3.0001,82.5029,2.75,5.9829
2026-02-17,Feb 2026,2026-02,2026,Q1 2026,Organic,StackAdapt,Bing Search,230517,6916,19019.0,34578,415,228250.0,3.0002,82.5058,2.75,6.0006
2025-12-12,Dec 2025,2025-12,2025,Q4 2025,Programmatic,HubSpot,Google Nonbrand,220665,6620,18205.0,33100,397,218350.0,3.0,82.5006,2.75,5.997
2026-02-09,Feb 2026,2026-02,2026,Q1 2026,Paid Search,Google Analytics,Google Nonbrand,50950,1529,4204.75,7643,92,50600.0,3.001,82.527,2.75,6.017
2026-02-03,Feb 2026,2026-02,2026,Q1 2026,Organic,HubSpot,Email Nurture,210048,6301,17327.75,31507,378,207900.0,2.9998,82.4942,2.75,5.999
2026-02-01,Feb 2026,2026-02,2026,Q1 2026,Paid Search,Google Ads,Demo Requests,213652,6410,17627.5,32048,385,211750.0,3.0002,82.5057,2.75,6.0062
2026-01-07,Jan 2026,2026-01,2026,Q1 2026,Paid Social,Facebook Ads,Awareness Push,235112,7053,19395.75,35267,423,232650.0,2.9998,82.4958,2.75,5.9974
2026-03-13,Mar 2026,2026-03,2026,Q1 2026,Programmatic,StackAdapt,LinkedIn Lead Gen,105463,3164,8701.0,15819,190,104500.0,3.0001,82.5029,2.75,6.0051
2026-01-20,Jan 2026,2026-01,2026,Q1 2026,Programmatic,HubSpot,Email Nurture,159253,4778,13139.5,23888,287,157850.0,3.0003,82.5071,2.75,6.0067
2026-01-27,Jan 2026,2026-01,2026,Q1 2026,Paid Social,Google Analytics,Brand Search,247012,7410,20377.5,37052,445,244750.0,2.9999,82.496,2.75,6.0054
2026-04-24,Apr 2026,2026-04,2026,Q2 2026,Paid Search,Amazon Ad Server,Demo Requests,56662,1700,4675.0,8499,102,56100.0,3.0002,82.5068,2.75,6.0
2026-01-22,Jan 2026,2026-01,2026,Q1 2026,Organic,HubSpot,Enterprise ABM,152570,4577,12586.75,22886,275,151250.0,2.9999,82.4982,2.75,6.0083
2026-02-16,Feb 2026,2026-02,2026,Q1 2026,Programmatic,Amazon Ad Server,Organic Content,129809,3894,10708.5,19471,234,128700.0,2.9998,82.4943,2.75,6.0092
2026-01-18,Jan 2026,2026-01,2026,Q1 2026,Paid Search,HubSpot,Bing Search,57014,1710,4702.5,8552,103,56650.0,2.9993,82.4797,2.75,6.0234
2025-11-11,Nov 2025,2025-11,2025,Q4 2025,Paid Social,Facebook Ads,Enterprise ABM,114491,3435,9446.25,17174,206,113300.0,3.0002,82.5065,2.75,5.9971
2026-02-18,Feb 2026,2026-02,2026,Q1 2026,Paid Search,HubSpot,Brand Search,19107,573,1575.75,2866,34,18700.0,2.9989,82.4698,2.75,5.9337
2025-12-05,Dec 2025,2025-12,2025,Q4 2025,Organic,Bing Ads,Competitor Search,106071,3182,8750.5,15911,191,105050.0,2.9999,82.4966,2.75,6.0025
2025-12-16,Dec 2025,2025-12,2025,Q4 2025,Organic,StackAdapt,Demo Requests,34534,1036,2849.0,5180,62,34100.0,2.9999,82.4984,2.75,5.9846
2026-04-10,Apr 2026,2026-04,2026,Q2 2026,Paid Social,Google Analytics,Organic Content,99668,2990,8222.5,14950,179,98450.0,3.0,82.4989,2.75,5.9866
2026-03-20,Mar 2026,2026-03,2026,Q1 2026,Paid Social,Google Analytics,Enterprise ABM,141240,4237,11651.75,21186,254,139700.0,2.9999,82.4961,2.75,5.9948
2026-01-21,Jan 2026,2026-01,2026,Q1 2026,Organic,LinkedIn Ads,Retargeting Display,248322,7450,20487.5,37248,447,245850.0,3.0001,82.5038,2.75,6.0
2026-01-19,Jan 2026,2026-01,2026,Q1 2026,Programmatic,StackAdapt,Brand Search,39167,1175,3231.25,5875,71,39050.0,3.0,82.4993,2.75,6.0426
2025-11-24,Nov 2025,2025-11,2025,Q4 2025,Programmatic,Facebook Ads,Organic Content,113594,3408,9372.0,17039,204,112200.0,3.0002,82.5044,2.75,5.9859
2025-12-05,Dec 2025,2025-12,2025,Q4 2025,Programmatic,StackAdapt,Competitor Search,238020,7141,19637.75,35703,428,235400.0,3.0002,82.5046,2.75,5.9936
2025-11-09,Nov 2025,2025-11,2025,Q4 2025,Paid Social,HubSpot,Facebook Prospecting,147663,4430,12182.5,22149,266,146300.0,3.0001,82.502,2.75,6.0045
2025-11-13,Nov 2025,2025-11,2025,Q4 2025,Paid Search,Bing Ads,Demo Requests,192393,5772,15873.0,28859,346,190300.0,3.0001,82.503,2.75,5.9945
2025-12-09,Dec 2025,2025-12,2025,Q4 2025,Programmatic,Facebook Ads,LinkedIn Lead Gen,242269,7268,19987.0,36340,436,239800.0,3.0,82.4992,2.75,5.9989
2026-01-27,Jan 2026,2026-01,2026,Q1 2026,Programmatic,Google Ads,Competitor Search,144325,4330,11907.5,21649,260,143000.0,3.0002,82.5048,2.75,6.0046
2026-03-13,Mar 2026,2026-03,2026,Q1 2026,Organic,Facebook Ads,Google Nonbrand,159018,4771,13120.25,23853,286,157300.0,3.0003,82.508,2.75,5.9946
2026-01-01,Jan 2026,2026-01,2026,Q1 2026,Programmatic,Facebook Ads,Email Nurture,185393,5562,15295.5,27809,334,183700.0,3.0001,82.5031,2.75,6.005
2026-01-04,Jan 2026,2026-01,2026,Q1 2026,Paid Search,Facebook Ads,Demo Requests,220300,6609,18174.75,33045,397,218350.0,3.0,82.5,2.75,6.007
2026-02-15,Feb 2026,2026-02,2026,Q1 2026,Organic,Amazon Ad Server,Enterprise ABM,238409,7152,19668.0,35761,429,235950.0,2.9999,82.4969,2.75,5.9983
2025-10-31,Oct 2025,2025-10,2025,Q4 2025,Paid Search,Google Ads,Retargeting Display,101017,3031,8335.25,15153,182,100100.0,3.0005,82.5133,2.75,6.0046
2026-02-26,Feb 2026,2026-02,2026,Q1 2026,Organic,Google Analytics,Competitor Search,91494,2745,7548.75,13724,165,90750.0,3.0002,82.5054,2.75,6.0109
2025-11-22,Nov 2025,2025-11,2025,Q4 2025,Paid Social,Google Analytics,Email Nurture,163319,4900,13475.0,24498,294,161700.0,3.0003,82.5072,2.75,6.0
2025-10-29,Oct 2025,2025-10,2025,Q4 2025,Organic,Google Analytics,Google Nonbrand,191687,5751,15815.25,28753,345,189750.0,3.0002,82.5056,2.75,5.999
2025-11-14,Nov 2025,2025-11,2025,Q4 2025,Paid Social,StackAdapt,Retargeting Display,69397,2082,5725.5,10410,125,68750.0,3.0001,82.5036,2.75,6.0038
2026-01-14,Jan 2026,2026-01,2026,Q1 2026,Organic,Google Analytics,LinkedIn Lead Gen,19412,582,1600.5,2912,35,19250.0,2.9981,82.449,2.75,6.0137
2025-12-16,Dec 2025,2025-12,2025,Q4 2025,Paid Social,HubSpot,Competitor Search,79551,2387,6564.25,11933,143,78650.0,3.0006,82.5162,2.75,5.9908
2026-01-14,Jan 2026,2026-01,2026,Q1 2026,Paid Search,Bing Ads,Brand Search,107870,3236,8899.0,16181,194,106700.0,2.9999,82.4975,2.75,5.9951
2026-03-19,Mar 2026,2026-03,2026,Q1 2026,Paid Search,Facebook Ads,Retargeting Display,87494,2625,7218.75,13124,158,86900.0,3.0002,82.5057,2.75,6.019
2025-11-29,Nov 2025,2025-11,2025,Q4 2025,Paid Social,Amazon Ad Server,Google Nonbrand,190357,5711,15705.25,28554,343,188650.0,3.0002,82.5042,2.75,6.006
2025-11-17,Nov 2025,2025-11,2025,Q4 2025,Organic,Bing Ads,Enterprise ABM,184261,5528,15202.0,27639,332,182600.0,3.0001,82.5025,2.75,6.0058
2025-11-23,Nov 2025,2025-11,2025,Q4 2025,Programmatic,Google Ads,Facebook Prospecting,200615,6018,16549.5,30092,361,198550.0,2.9998,82.4938,2.75,5.9987
2025-12-25,Dec 2025,2025-12,2025,Q4 2025,Paid Search,HubSpot,Retargeting Display,64892,1947,5354.25,9734,117,64350.0,3.0004,82.5102,2.75,6.0092
2026-04-13,Apr 2026,2026-04,2026,Q2 2026,Paid Social,Bing Ads,LinkedIn Lead Gen,35393,1062,2920.5,5309,64,35200.0,3.0006,82.5163,2.75,6.0264
2025-11-17,Nov 2025,2025-11,2025,Q4 2025,Paid Social,LinkedIn Ads,Competitor Search,241030,7231,19885.25,36155,434,238700.0,3.0,82.5011,2.75,6.0019
2025-12-15,Dec 2025,2025-12,2025,Q4 2025,Programmatic,LinkedIn Ads,Google Nonbrand,248301,7449,20484.75,37245,447,245850.0,3.0,82.4997,2.75,6.0008
2026-01-28,Jan 2026,2026-01,2026,Q1 2026,Paid Social,Google Analytics,Email Nurture,241484,7245,19923.75,36223,435,239250.0,3.0002,82.5055,2.75,6.0041
2026-01-18,Jan 2026,2026-01,2026,Q1 2026,Organic,LinkedIn Ads,Organic Content,193801,5814,15988.5,29070,349,191950.0,3.0,82.4996,2.75,6.0028
2026-03-29,Mar 2026,2026-03,2026,Q1 2026,Paid Search,Facebook Ads,Awareness Push,20685,621,1707.75,3103,37,20350.0,3.0022,82.5598,2.75,5.9581
2025-12-06,Dec 2025,2025-12,2025,Q4 2025,Organic,LinkedIn Ads,Facebook Prospecting,117851,3536,9724.0,17678,212,116600.0,3.0004,82.511,2.75,5.9955
2026-01-07,Jan 2026,2026-01,2026,Q1 2026,Paid Social,HubSpot,Retargeting Display,233857,7016,19294.0,35079,421,231550.0,3.0001,82.5034,2.75,6.0006
2025-11-13,Nov 2025,2025-11,2025,Q4 2025,Organic,Google Ads,Competitor Search,211202,6336,17424.0,31680,380,209000.0,3.0,82.4992,2.75,5.9975
2025-11-02,Nov 2025,2025-11,2025,Q4 2025,Paid Social,LinkedIn Ads,Demo Requests,139536,4186,11511.5,20930,251,138050.0,2.9999,82.4984,2.75,5.9962
2026-03-02,Mar 2026,2026-03,2026,Q1 2026,Paid Social,Amazon Ad Server,Retargeting Display,155596,4668,12837.0,23339,280,154000.0,3.0001,82.5021,2.75,5.9983
2025-11-30,Nov 2025,2025-11,2025,Q4 2025,Programmatic,LinkedIn Ads,LinkedIn Lead Gen,184816,5544,15246.0,27722,333,183150.0,2.9997,82.4929,2.75,6.0065
2025-11-19,Nov 2025,2025-11,2025,Q4 2025,Programmatic,LinkedIn Ads,Organic Content,24821,745,2048.75,3723,45,24750.0,3.0015,82.541,2.75,6.0403
2026-03-18,Mar 2026,2026-03,2026,Q1 2026,Paid Search,StackAdapt,Organic Content,131838,3955,10876.25,19776,237,130350.0,2.9999,82.4971,2.75,5.9924
2025-11-07,Nov 2025,2025-11,2025,Q4 2025,Organic,StackAdapt,Retargeting Display,30045,901,2477.75,4507,54,29700.0,2.9988,82.468,2.75,5.9933
2026-03-05,Mar 2026,2026-03,2026,Q1 2026,Organic,Bing Ads,LinkedIn Lead Gen,121842,3655,10051.25,18276,219,120450.0,2.9998,82.4941,2.75,5.9918
2026-04-15,Apr 2026,2026-04,2026,Q2 2026,Programmatic,Google Ads,Brand Search,42400,1272,3498.0,6360,76,41800.0,3.0,82.5,2.75,5.9748
2026-02-15,Feb 2026,2026-02,2026,Q1 2026,Paid Search,StackAdapt,Demo Requests,197206,5916,16269.0,29581,355,195250.0,2.9999,82.4975,2.75,6.0007
2026-03-16,Mar 2026,2026-03,2026,Q1 2026,Programmatic,Google Ads,Email Nurture,163516,4905,13488.75,24527,294,161700.0,2.9997,82.4919,2.75,5.9939
2026-02-21,Feb 2026,2026-02,2026,Q1 2026,Paid Social,HubSpot,Awareness Push,235923,7078,19464.5,35388,425,233750.0,3.0001,82.5036,2.75,6.0045
2026-01-20,Jan 2026,2026-01,2026,Q1 2026,Paid Search,LinkedIn Ads,Competitor Search,179639,5389,14819.75,26946,323,177650.0,2.9999,82.4974,2.75,5.9937
2026-02-15,Feb 2026,2026-02,2026,Q1 2026,Paid Social,Google Ads,Organic Content,27700,831,2285.25,4155,50,27500.0,3.0,82.5,2.75,6.0168
2026-03-24,Mar 2026,2026-03,2026,Q1 2026,Paid Social,StackAdapt,LinkedIn Lead Gen,195646,5869,16139.75,29347,352,193600.0,2.9998,82.4947,2.75,5.9976
2026-04-07,Apr 2026,2026-04,2026,Q2 2026,Paid Social,Facebook Ads,Demo Requests,15800,474,1303.5,2370,28,15400.0,3.0,82.5,2.75,5.9072
2025-12-30,Dec 2025,2025-12,2025,Q4 2025,Organic,Google Ads,Facebook Prospecting,47397,1422,3910.5,7110,85,46750.0,3.0002,82.5052,2.75,5.9775
2026-04-16,Apr 2026,2026-04,2026,Q2 2026,Organic,StackAdapt,Brand Search,120510,3615,9941.25,18077,217,119350.0,2.9998,82.4932,2.75,6.0028
2025-12-06,Dec 2025,2025-12,2025,Q4 2025,Paid Search,Facebook Ads,Retargeting Display,127040,3811,10480.25,19056,229,125950.0,2.9998,82.4957,2.75,6.0089
2026-02-22,Feb 2026,2026-02,2026,Q1 2026,Organic,Google Ads,Email Nurture,30290,909,2499.75,4544,55,30250.0,3.001,82.5272,2.75,6.0506
2026-04-01,Apr 2026,2026-04,2026,Q2 2026,Organic,Bing Ads,Competitor Search,113667,3410,9377.5,17050,205,112750.0,3.0,82.4998,2.75,6.0117
2025-12-21,Dec 2025,2025-12,2025,Q4 2025,Paid Search,Bing Ads,Google Nonbrand,70150,2105,5788.75,10523,126,69300.0,3.0007,82.5196,2.75,5.9857
2026-02-25,Feb 2026,2026-02,2026,Q1 2026,Paid Social,Amazon Ad Server,Facebook Prospecting,133250,3998,10994.5,19988,240,132000.0,3.0004,82.5103,2.75,6.003
2026-04-02,Apr 2026,2026-04,2026,Q2 2026,Organic,Facebook Ads,Retargeting Display,208901,6267,17234.25,31335,376,206800.0,3.0,82.4996,2.75,5.9997
2026-04-12,Apr 2026,2026-04,2026,Q2 2026,Paid Social,Amazon Ad Server,LinkedIn Lead Gen,227765,6833,18790.75,34165,410,225500.0,3.0,82.5006,2.75,6.0003
2025-11-29,Nov 2025,2025-11,2025,Q4 2025,Paid Search,Google Analytics,Retargeting Display,44649,1339,3682.25,6697,80,44000.0,2.9989,82.4711,2.75,5.9746
2025-10-30,Oct 2025,2025-10,2025,Q4 2025,Programmatic,Google Ads,Email Nurture,69455,2084,5731.0,10418,125,68750.0,3.0005,82.5139,2.75,5.9981
2026-04-14,Apr 2026,2026-04,2026,Q2 2026,Paid Search,Amazon Ad Server,Retargeting Display,166580,4997,13741.75,24987,300,165000.0,2.9998,82.4934,2.75,6.0036
2025-11-10,Nov 2025,2025-11,2025,Q4 2025,Paid Search,Google Ads,Retargeting Display,116005,3480,9570.0,17401,209,114950.0,2.9999,82.4964,2.75,6.0057
2026-02-04,Feb 2026,2026-02,2026,Q1 2026,Organic,Facebook Ads,Google Nonbrand,223757,6713,18460.75,33564,403,221650.0,3.0001,82.5036,2.75,6.0033
2025-12-23,Dec 2025,2025-12,2025,Q4 2025,Organic,LinkedIn Ads,Competitor Search,186538,5596,15389.0,27981,336,184800.0,2.9999,82.4979,2.75,6.0043
2026-03-11,Mar 2026,2026-03,2026,Q1 2026,Programmatic,Facebook Ads,Organic Content,134512,4035,11096.25,20177,242,133100.0,2.9997,82.4926,2.75,5.9975
2026-03-27,Mar 2026,2026-03,2026,Q1 2026,Paid Search,Google Ads,Awareness Push,216808,6504,17886.0,32521,390,214500.0,2.9999,82.497,2.75,5.9963
2026-02-24,Feb 2026,2026-02,2026,Q1 2026,Paid Search,Google Analytics,Awareness Push,124578,3737,10276.75,18687,224,123200.0,2.9997,82.4925,2.75,5.9941
2026-01-30,Jan 2026,2026-01,2026,Q1 2026,Programmatic,LinkedIn Ads,Organic Content,165283,4958,13634.5,24792,297,163350.0,2.9997,82.4918,2.75,5.9903
2026-03-09,Mar 2026,2026-03,2026,Q1 2026,Paid Social,StackAdapt,Enterprise ABM,114742,3442,9465.5,17211,207,113850.0,2.9998,82.4938,2.75,6.0139
2026-01-19,Jan 2026,2026-01,2026,Q1 2026,Programmatic,Facebook Ads,Enterprise ABM,218724,6562,18045.5,32809,394,216700.0,3.0001,82.5035,2.75,6.0043
2026-02-05,Feb 2026,2026-02,2026,Q1 2026,Paid Social,Bing Ads,Email Nurture,25107,753,2070.75,3766,45,24750.0,2.9992,82.477,2.75,5.9761
2026-01-02,Jan 2026,2026-01,2026,Q1 2026,Paid Search,StackAdapt,Google Nonbrand,28400,852,2343.0,4260,51,28050.0,3.0,82.5,2.75,5.9859
2026-02-13,Feb 2026,2026-02,2026,Q1 2026,Paid Social,Google Analytics,Facebook Prospecting,114444,3433,9440.75,17167,206,113300.0,2.9997,82.4923,2.75,6.0006
2026-04-24,Apr 2026,2026-04,2026,Q2 2026,Paid Search,Google Ads,Enterprise ABM,240489,7215,19841.25,36073,433,238150.0,3.0001,82.5038,2.75,6.0014
2025-12-24,Dec 2025,2025-12,2025,Q4 2025,Paid Search,LinkedIn Ads,Organic Content,180151,5405,14863.75,27023,324,178200.0,3.0003,82.5072,2.75,5.9944
2026-01-02,Jan 2026,2026-01,2026,Q1 2026,Programmatic,Amazon Ad Server,Email Nurture,241244,7237,19901.75,36187,434,238700.0,2.9999,82.4964,2.75,5.997
2026-04-11,Apr 2026,2026-04,2026,Q2 2026,Paid Search,Google Analytics,Email Nurture,50669,1520,4180.0,7600,91,50050.0,2.9999,82.4962,2.75,5.9868
2026-02-25,Feb 2026,2026-02,2026,Q1 2026,Programmatic,StackAdapt,Enterprise ABM,47270,1418,3899.5,7091,85,46750.0,2.9998,82.4942,2.75,5.9944
2025-10-31,Oct 2025,2025-10,2025,Q4 2025,Paid Search,Amazon Ad Server,Competitor Search,1679,50,137.5,252,3,1650.0,2.978,81.894,2.75,6.0
2025-11-07,Nov 2025,2025-11,2025,Q4 2025,Organic,StackAdapt,Awareness Push,182347,5470,15042.5,27352,328,180400.0,2.9998,82.4938,2.75,5.9963
2026-03-07,Mar 2026,2026-03,2026,Q1 2026,Programmatic,Google Ads,Google Nonbrand,167863,5036,13849.0,25179,302,166100.0,3.0001,82.5018,2.75,5.9968
2026-04-14,Apr 2026,2026-04,2026,Q2 2026,Programmatic,Google Ads,Google Nonbrand,242846,7285,20033.75,36427,437,240350.0,2.9998,82.4957,2.75,5.9986
2025-11-18,Nov 2025,2025-11,2025,Q4 2025,Paid Social,Facebook Ads,Competitor Search,186749,5602,15405.5,28012,336,184800.0,2.9997,82.4931,2.75,5.9979
2026-02-18,Feb 2026,2026-02,2026,Q1 2026,Paid Social,Amazon Ad Server,Awareness Push,77952,2339,6432.25,11693,140,77000.0,3.0006,82.5155,2.75,5.9855
2025-11-14,Nov 2025,2025-11,2025,Q4 2025,Paid Search,Google Ads,Brand Search,110475,3314,9113.5,16571,199,109450.0,2.9998,82.4938,2.75,6.0048
2026-01-22,Jan 2026,2026-01,2026,Q1 2026,Programmatic,Amazon Ad Server,Email Nurture,61477,1844,5071.0,9222,111,61050.0,2.9995,82.4861,2.75,6.0195
2026-02-12,Feb 2026,2026-02,2026,Q1 2026,Paid Social,HubSpot,Competitor Search,123149,3694,10158.5,18472,222,122100.0,2.9996,82.4895,2.75,6.0097
2025-12-05,Dec 2025,2025-12,2025,Q4 2025,Paid Social,StackAdapt,Bing Search,50985,1530,4207.5,7648,92,50600.0,3.0009,82.5243,2.75,6.0131
2026-04-19,Apr 2026,2026-04,2026,Q2 2026,Organic,Google Analytics,Brand Search,48250,1448,3982.0,7238,87,47850.0,3.001,82.5285,2.75,6.0083
2025-11-28,Nov 2025,2025-11,2025,Q4 2025,Programmatic,HubSpot,Organic Content,78971,2369,6514.75,11846,142,78100.0,2.9998,82.4955,2.75,5.9941
2025-11-01,Nov 2025,2025-11,2025,Q4 2025,Paid Social,StackAdapt,Bing Search,19426,583,1603.25,2914,35,19250.0,3.0011,82.5311,2.75,6.0034
2025-12-11,Dec 2025,2025-12,2025,Q4 2025,Organic,HubSpot,Google Nonbrand,47149,1414,3888.5,7072,85,46750.0,2.999,82.4726,2.75,6.0113
2026-01-22,Jan 2026,2026-01,2026,Q1 2026,Organic,StackAdapt,Retargeting Display,132976,3989,10969.75,19946,239,131450.0,2.9998,82.4942,2.75,5.9915
2025-12-02,Dec 2025,2025-12,2025,Q4 2025,Paid Search,HubSpot,LinkedIn Lead Gen,67098,2013,5535.75,10065,121,66550.0,3.0001,82.5025,2.75,6.0109
2025-11-07,Nov 2025,2025-11,2025,Q4 2025,Paid Search,Facebook Ads,Awareness Push,200279,6008,16522.0,30042,360,198000.0,2.9998,82.4949,2.75,5.992
2026-04-25,Apr 2026,2026-04,2026,Q2 2026,Paid Search,Google Ads,Google Nonbrand,22995,690,1897.5,3449,41,22550.0,3.0007,82.5179,2.75,5.942
2025-12-15,Dec 2025,2025-12,2025,Q4 2025,Paid Social,Bing Ads,Organic Content,139198,4176,11484.0,20880,251,138050.0,3.0,82.5012,2.75,6.0105
2026-03-23,Mar 2026,2026-03,2026,Q1 2026,Paid Social,LinkedIn Ads,Organic Content,144832,4345,11948.75,21725,261,143550.0,3.0,82.5008,2.75,6.0069
2025-11-17,Nov 2025,2025-11,2025,Q4 2025,Organic,StackAdapt,Email Nurture,183608,5508,15147.0,27541,330,181500.0,2.9999,82.4964,2.75,5.9913
2025-11-05,Nov 2025,2025-11,2025,Q4 2025,Organic,HubSpot,Competitor Search,230997,6930,19057.5,34650,416,228800.0,3.0,82.5011,2.75,6.0029
2025-11-24,Nov 2025,2025-11,2025,Q4 2025,Paid Search,Bing Ads,Enterprise ABM,146855,4406,12116.5,22028,264,145200.0,3.0002,82.5066,2.75,5.9918
2026-01-06,Jan 2026,2026-01,2026,Q1 2026,Paid Search,Google Ads,Brand Search,21945,658,1809.5,3292,39,21450.0,2.9984,82.4561,2.75,5.9271
2025-10-29,Oct 2025,2025-10,2025,Q4 2025,Programmatic,Google Ads,LinkedIn Lead Gen,77207,2316,6369.0,11581,139,76450.0,2.9997,82.4925,2.75,6.0017
2026-01-05,Jan 2026,2026-01,2026,Q1 2026,Paid Social,LinkedIn Ads,Organic Content,95891,2877,7911.75,14384,173,95150.0,3.0003,82.5077,2.75,6.0132
2026-02-26,Feb 2026,2026-02,2026,Q1 2026,Paid Social,Facebook Ads,Organic Content,122791,3684,10131.0,18419,221,121550.0,3.0002,82.506,2.75,5.9989
2025-11-06,Nov 2025,2025-11,2025,Q4 2025,Paid Social,Google Analytics,Demo Requests,120601,3618,9949.5,18090,217,119350.0,3.0,82.4993,2.75,5.9978
2026-03-25,Mar 2026,2026-03,2026,Q1 2026,Paid Social,HubSpot,Email Nurture,202024,6061,16667.75,30304,364,200200.0,3.0001,82.5038,2.75,6.0056
2026-03-04,Mar 2026,2026-03,2026,Q1 2026,Programmatic,Amazon Ad Server,Bing Search,209097,6273,17250.75,31365,376,206800.0,3.0,82.5012,2.75,5.9939
2026-02-12,Feb 2026,2026-02,2026,Q1 2026,Paid Social,LinkedIn Ads,Awareness Push,126641,3799,10447.25,18996,228,125400.0,2.9998,82.495,2.75,6.0016
2026-02-25,Feb 2026,2026-02,2026,Q1 2026,Programmatic,Bing Ads,Email Nurture,177169,5315,14616.25,26575,319,175450.0,3.0,82.4989,2.75,6.0019
2026-03-27,Mar 2026,2026-03,2026,Q1 2026,Programmatic,LinkedIn Ads,Email Nurture,76499,2295,6311.25,11475,138,75900.0,3.0,82.5011,2.75,6.0131
2026-03-18,Mar 2026,2026-03,2026,Q1 2026,Paid Search,Google Ads,LinkedIn Lead Gen,160861,4826,13271.5,24129,290,159500.0,3.0001,82.5029,2.75,6.0091
2026-04-05,Apr 2026,2026-04,2026,Q2 2026,Programmatic,Facebook Ads,LinkedIn Lead Gen,148619,4459,12262.25,22293,268,147400.0,3.0003,82.508,2.75,6.0103
2026-04-11,Apr 2026,2026-04,2026,Q2 2026,Paid Search,Google Analytics,Bing Search,41142,1234,3393.5,6171,74,40700.0,2.9994,82.4826,2.75,5.9968
2026-01-03,Jan 2026,2026-01,2026,Q1 2026,Programmatic,Google Analytics,Awareness Push,82916,2487,6839.25,12437,149,81950.0,2.9994,82.4841,2.75,5.9912
2026-04-02,Apr 2026,2026-04,2026,Q2 2026,Organic,Google Analytics,Demo Requests,45309,1359,3737.25,6796,82,45100.0,2.9994,82.4836,2.75,6.0338
2025-11-26,Nov 2025,2025-11,2025,Q4 2025,Organic,HubSpot,Demo Requests,179017,5371,14770.25,26853,322,177100.0,3.0003,82.5075,2.75,5.9952
2026-02-22,Feb 2026,2026-02,2026,Q1 2026,Paid Social,LinkedIn Ads,Brand Search,157870,4736,13024.0,23681,284,156200.0,2.9999,82.4983,2.75,5.9966
2026-03-11,Mar 2026,2026-03,2026,Q1 2026,Paid Social,Facebook Ads,Facebook Prospecting,86495,2595,7136.25,12974,156,85800.0,3.0002,82.5048,2.75,6.0116
2026-04-25,Apr 2026,2026-04,2026,Q2 2026,Paid Social,LinkedIn Ads,Awareness Push,66382,1991,5475.25,9957,119,65450.0,2.9993,82.4809,2.75,5.9769
2026-02-13,Feb 2026,2026-02,2026,Q1 2026,Paid Social,Google Analytics,Enterprise ABM,220066,6602,18155.5,33010,396,217800.0,3.0,82.5002,2.75,5.9982
2026-04-25,Apr 2026,2026-04,2026,Q2 2026,Organic,HubSpot,Brand Search,6994,210,577.5,1049,13,7150.0,3.0026,82.5708,2.75,6.1905
2025-11-28,Nov 2025,2025-11,2025,Q4 2025,Paid Social,LinkedIn Ads,Brand Search,101433,3043,8368.25,15215,183,100650.0,3.0,82.5003,2.75,6.0138
2026-02-24,Feb 2026,2026-02,2026,Q1 2026,Programmatic,Bing Ads,Demo Requests,169930,5098,14019.5,25490,306,168300.0,3.0001,82.5016,2.75,6.0024
2026-03-02,Mar 2026,2026-03,2026,Q1 2026,Paid Social,Google Ads,LinkedIn Lead Gen,200141,6004,16511.0,30021,360,198000.0,2.9999,82.4968,2.75,5.996
2026-01-20,Jan 2026,2026-01,2026,Q1 2026,Paid Search,StackAdapt,Awareness Push,46619,1399,3847.25,6993,84,46200.0,3.0009,82.5254,2.75,6.0043
2026-01-12,Jan 2026,2026-01,2026,Q1 2026,Paid Social,Google Analytics,Awareness Push,144722,4342,11940.5,21708,261,143550.0,3.0002,82.5065,2.75,6.0111
2026-03-01,Mar 2026,2026-03,2026,Q1 2026,Programmatic,Facebook Ads,Awareness Push,103021,3091,8500.25,15453,185,101750.0,3.0004,82.5099,2.75,5.9851
2026-02-12,Feb 2026,2026-02,2026,Q1 2026,Paid Search,Amazon Ad Server,Organic Content,54377,1631,4485.25,8157,98,53900.0,2.9994,82.4843,2.75,6.0086
2025-11-04,Nov 2025,2025-11,2025,Q4 2025,Paid Search,StackAdapt,Enterprise ABM,12330,370,1017.5,1850,22,12100.0,3.0008,82.5223,2.75,5.9459
2025-11-18,Nov 2025,2025-11,2025,Q4 2025,Paid Social,Bing Ads,Demo Requests,15179,455,1251.25,2277,27,14850.0,2.9976,82.433,2.75,5.9341
2026-03-03,Mar 2026,2026-03,2026,Q1 2026,Paid Social,Facebook Ads,Organic Content,207836,6235,17146.25,31175,374,205700.0,3.0,82.4989,2.75,5.9984
2025-11-06,Nov 2025,2025-11,2025,Q4 2025,Paid Social,HubSpot,Email Nurture,191241,5737,15776.75,28686,344,189200.0,2.9999,82.4967,2.75,5.9962
2026-01-11,Jan 2026,2026-01,2026,Q1 2026,Programmatic,Amazon Ad Server,Bing Search,53795,1614,4438.5,8069,97,53350.0,3.0003,82.5077,2.75,6.0099
2025-11-05,Nov 2025,2025-11,2025,Q4 2025,Programmatic,Google Ads,Google Nonbrand,14698,441,1212.75,2205,26,14300.0,3.0004,82.5112,2.75,5.8957
2025-11-18,Nov 2025,2025-11,2025,Q4 2025,Organic,LinkedIn Ads,Demo Requests,4972,149,409.75,746,9,4950.0,2.9968,82.4115,2.75,6.0403
2026-04-22,Apr 2026,2026-04,2026,Q2 2026,Paid Search,Google Analytics,Brand Search,2928,88,242.0,439,5,2750.0,3.0055,82.6503,2.75,5.6818
2025-10-31,Oct 2025,2025-10,2025,Q4 2025,Organic,Google Analytics,LinkedIn Lead Gen,164620,4939,13582.25,24693,296,162800.0,3.0002,82.5067,2.75,5.9931
2025-12-08,Dec 2025,2025-12,2025,Q4 2025,Paid Social,Google Ads,Bing Search,8313,249,684.75,1247,15,8250.0,2.9953,82.371,2.75,6.0241
2025-11-01,Nov 2025,2025-11,2025,Q4 2025,Paid Social,Google Ads,Brand Search,133313,3999,10997.25,19997,240,132000.0,2.9997,82.492,2.75,6.0015
2026-03-04,Mar 2026,2026-03,2026,Q1 2026,Programmatic,Amazon Ad Server,Competitor Search,94857,2846,7826.5,14229,171,94050.0,3.0003,82.5084,2.75,6.0084
2026-02-18,Feb 2026,2026-02,2026,Q1 2026,Programmatic,StackAdapt,Retargeting Display,153894,4617,12696.75,23084,277,152350.0,3.0001,82.5032,2.75,5.9996
2026-04-09,Apr 2026,2026-04,2026,Q2 2026,Paid Search,HubSpot,LinkedIn Lead Gen,147413,4422,12160.5,22112,265,145750.0,2.9997,82.4927,2.75,5.9928
2025-12-19,Dec 2025,2025-12,2025,Q4 2025,Paid Social,Facebook Ads,Google Nonbrand,19167,575,1581.25,2875,35,19250.0,2.9999,82.4986,2.75,6.087
2026-03-16,Mar 2026,2026-03,2026,Q1 2026,Paid Search,LinkedIn Ads,Email Nurture,35930,1078,2964.5,5390,65,35750.0,3.0003,82.5077,2.75,6.0297
2025-11-24,Nov 2025,2025-11,2025,Q4 2025,Organic,Google Ads,Google Nonbrand,27000,810,2227.5,4050,49,26950.0,3.0,82.5,2.75,6.0494
2026-03-09,Mar 2026,2026-03,2026,Q1 2026,Paid Search,LinkedIn Ads,Email Nurture,204994,6150,16912.5,30749,369,202950.0,3.0001,82.5024,2.75,6.0
2025-11-28,Nov 2025,2025-11,2025,Q4 2025,Organic,Bing Ads,Bing Search,178024,5341,14687.75,26704,320,176000.0,3.0002,82.5043,2.75,5.9914
2026-01-14,Jan 2026,2026-01,2026,Q1 2026,Paid Search,Google Analytics,Enterprise ABM,31914,957,2631.75,4787,57,31350.0,2.9987,82.4638,2.75,5.9561
2026-02-24,Feb 2026,2026-02,2026,Q1 2026,Paid Social,Google Analytics,Awareness Push,117126,3514,9663.5,17569,211,116050.0,3.0002,82.5052,2.75,6.0046
2026-02-20,Feb 2026,2026-02,2026,Q1 2026,Organic,Facebook Ads,Bing Search,92138,2764,7601.0,13821,166,91300.0,2.9998,82.4958,2.75,6.0058
2026-04-17,Apr 2026,2026-04,2026,Q2 2026,Paid Search,Amazon Ad Server,Retargeting Display,176807,5304,14586.0,26521,318,174900.0,2.9999,82.4967,2.75,5.9955
2025-11-05,Nov 2025,2025-11,2025,Q4 2025,Organic,Google Ads,Bing Search,93966,2819,7752.25,14095,169,92950.0,3.0,82.5006,2.75,5.995
2026-01-27,Jan 2026,2026-01,2026,Q1 2026,Paid Search,HubSpot,Email Nurture,243229,7297,20066.75,36484,438,240900.0,3.0001,82.5015,2.75,6.0025
2026-01-09,Jan 2026,2026-01,2026,Q1 2026,Programmatic,Facebook Ads,Organic Content,15917,478,1314.5,2388,29,15950.0,3.0031,82.5847,2.75,6.0669
2025-11-24,Nov 2025,2025-11,2025,Q4 2025,Paid Social,Amazon Ad Server,Google Nonbrand,70038,2101,5777.75,10506,126,69300.0,2.9998,82.4945,2.75,5.9971
2026-04-19,Apr 2026,2026-04,2026,Q2 2026,Paid Social,Bing Ads,Retargeting Display,218548,6556,18029.0,32782,393,216150.0,2.9998,82.4945,2.75,5.9945
2026-04-09,Apr 2026,2026-04,2026,Q2 2026,Paid Social,Google Ads,Brand Search,1918,58,159.5,288,3,1650.0,3.024,83.1595,2.75,5.1724
2026-01-15,Jan 2026,2026-01,2026,Q1 2026,Paid Social,Google Ads,Demo Requests,31698,951,2615.25,4755,57,31350.0,3.0002,82.5052,2.75,5.9937
2026-03-09,Mar 2026,2026-03,2026,Q1 2026,Programmatic,Google Ads,LinkedIn Lead Gen,222947,6688,18392.0,33442,401,220550.0,2.9998,82.4949,2.75,5.9958
2026-02-09,Feb 2026,2026-02,2026,Q1 2026,Organic,LinkedIn Ads,LinkedIn Lead Gen,72603,2178,5989.5,10890,131,72050.0,2.9999,82.4966,2.75,6.0147
2026-02-07,Feb 2026,2026-02,2026,Q1 2026,Paid Search,Google Analytics,Facebook Prospecting,161661,4850,13337.5,24249,291,160050.0,3.0001,82.5029,2.75,6.0
2026-01-11,Jan 2026,2026-01,2026,Q1 2026,Organic,Facebook Ads,Competitor Search,220454,6614,18188.5,33068,397,218350.0,3.0002,82.5047,2.75,6.0024
2026-02-25,Feb 2026,2026-02,2026,Q1 2026,Programmatic,Google Analytics,Bing Search,131988,3960,10890.0,19798,238,130900.0,3.0003,82.5075,2.75,6.0101
2025-12-25,Dec 2025,2025-12,2025,Q4 2025,Paid Search,StackAdapt,Google Nonbrand,95878,2876,7909.0,14382,173,95150.0,2.9996,82.4902,2.75,6.0153
2026-04-18,Apr 2026,2026-04,2026,Q2 2026,Programmatic,Facebook Ads,Enterprise ABM,24622,739,2032.25,3693,44,24200.0,3.0014,82.538,2.75,5.954
2026-03-22,Mar 2026,2026-03,2026,Q1 2026,Programmatic,Amazon Ad Server,Google Nonbrand,165605,4968,13662.0,24841,298,163900.0,2.9999,82.4975,2.75,5.9984
2025-11-10,Nov 2025,2025-11,2025,Q4 2025,Paid Social,Amazon Ad Server,LinkedIn Lead Gen,185582,5567,15309.25,27837,334,183700.0,2.9998,82.4932,2.75,5.9996
2026-01-12,Jan 2026,2026-01,2026,Q1 2026,Paid Search,Facebook Ads,Awareness Push,137861,4136,11374.0,20679,248,136400.0,3.0001,82.5034,2.75,5.9961
2026-02-01,Feb 2026,2026-02,2026,Q1 2026,Organic,Google Ads,Enterprise ABM,124119,3724,10241.0,18618,223,122650.0,3.0003,82.5095,2.75,5.9882
2025-10-31,Oct 2025,2025-10,2025,Q4 2025,Programmatic,Amazon Ad Server,LinkedIn Lead Gen,57323,1720,4730.0,8598,103,56650.0,3.0005,82.5149,2.75,5.9884
2026-02-28,Feb 2026,2026-02,2026,Q1 2026,Organic,HubSpot,Brand Search,130072,3902,10730.5,19511,234,128700.0,2.9999,82.4966,2.75,5.9969
2026-01-02,Jan 2026,2026-01,2026,Q1 2026,Organic,StackAdapt,Enterprise ABM,168407,5052,13893.0,25261,303,166650.0,2.9999,82.4966,2.75,5.9976
2026-03-10,Mar 2026,2026-03,2026,Q1 2026,Paid Social,Bing Ads,Google Nonbrand,30451,914,2513.5,4568,55,30250.0,3.0015,82.5424,2.75,6.0175
2025-12-03,Dec 2025,2025-12,2025,Q4 2025,Programmatic,Facebook Ads,Awareness Push,232653,6980,19195.0,34898,419,230450.0,3.0002,82.5048,2.75,6.0029
2025-12-23,Dec 2025,2025-12,2025,Q4 2025,Programmatic,Facebook Ads,Retargeting Display,117101,3513,9660.75,17565,211,116050.0,3.0,82.4993,2.75,6.0063
2026-04-03,Apr 2026,2026-04,2026,Q2 2026,Paid Search,Google Ads,Bing Search,232118,6964,19151.0,34818,418,229900.0,3.0002,82.5054,2.75,6.0023
2025-11-02,Nov 2025,2025-11,2025,Q4 2025,Programmatic,Bing Ads,Facebook Prospecting,5135,154,423.5,770,9,4950.0,2.999,82.4732,2.75,5.8442
2026-01-26,Jan 2026,2026-01,2026,Q1 2026,Paid Search,Facebook Ads,Organic Content,17717,532,1463.0,2658,32,17600.0,3.0028,82.5761,2.75,6.015
2026-04-15,Apr 2026,2026-04,2026,Q2 2026,Paid Social,Google Ads,LinkedIn Lead Gen,165208,4956,13629.0,24781,297,163350.0,2.9999,82.496,2.75,5.9927
2026-01-20,Jan 2026,2026-01,2026,Q1 2026,Paid Search,Amazon Ad Server,Retargeting Display,181165,5435,14946.25,27175,326,179300.0,3.0,82.5008,2.75,5.9982
2026-02-02,Feb 2026,2026-02,2026,Q1 2026,Programmatic,Google Ads,Facebook Prospecting,183929,5518,15174.5,27589,331,182050.0,3.0001,82.5019,2.75,5.9986
2025-12-14,Dec 2025,2025-12,2025,Q4 2025,Programmatic,Google Analytics,Enterprise ABM,60204,1806,4966.5,9031,108,59400.0,2.9998,82.4945,2.75,5.9801
2026-03-31,Mar 2026,2026-03,2026,Q1 2026,Programmatic,HubSpot,Bing Search,188083,5642,15515.5,28212,339,186450.0,2.9997,82.4928,2.75,6.0085
2025-12-15,Dec 2025,2025-12,2025,Q4 2025,Paid Search,Bing Ads,Google Nonbrand,26818,805,2213.75,4023,48,26400.0,3.0017,82.5472,2.75,5.9627
2025-11-27,Nov 2025,2025-11,2025,Q4 2025,Paid Search,Amazon Ad Server,Awareness Push,102287,3069,8439.75,15343,184,101200.0,3.0004,82.5105,2.75,5.9954
2026-01-16,Jan 2026,2026-01,2026,Q1 2026,Paid Social,Amazon Ad Server,Enterprise ABM,85314,2559,7037.25,12797,154,84700.0,2.9995,82.4865,2.75,6.018
2025-11-29,Nov 2025,2025-11,2025,Q4 2025,Programmatic,Google Analytics,Email Nurture,219888,6597,18141.75,32983,396,217800.0,3.0002,82.5045,2.75,6.0027
2026-01-13,Jan 2026,2026-01,2026,Q1 2026,Paid Social,HubSpot,Retargeting Display,118980,3569,9814.75,17847,214,117700.0,2.9997,82.4908,2.75,5.9961
2025-12-07,Dec 2025,2025-12,2025,Q4 2025,Paid Search,Amazon Ad Server,Demo Requests,22287,669,1839.75,3343,40,22000.0,3.0017,82.5481,2.75,5.9791
2026-01-02,Jan 2026,2026-01,2026,Q1 2026,Paid Social,Facebook Ads,Organic Content,149794,4494,12358.5,22469,270,148500.0,3.0001,82.5033,2.75,6.008
2026-04-05,Apr 2026,2026-04,2026,Q2 2026,Organic,Amazon Ad Server,Awareness Push,243691,7311,20105.25,36554,439,241450.0,3.0001,82.503,2.75,6.0047
2026-01-01,Jan 2026,2026-01,2026,Q1 2026,Programmatic,Amazon Ad Server,Retargeting Display,122450,3674,10103.5,18368,220,121000.0,3.0004,82.5112,2.75,5.988
2026-02-20,Feb 2026,2026-02,2026,Q1 2026,Organic,HubSpot,Retargeting Display,193380,5801,15952.75,29007,348,191400.0,2.9998,82.4943,2.75,5.999
2026-03-01,Mar 2026,2026-03,2026,Q1 2026,Paid Search,HubSpot,Facebook Prospecting,232057,6962,19145.5,34809,418,229900.0,3.0001,82.5034,2.75,6.004
2026-02-15,Feb 2026,2026-02,2026,Q1 2026,Paid Social,Facebook Ads,Organic Content,232801,6984,19206.0,34920,419,230450.0,3.0,82.4996,2.75,5.9994
2025-12-15,Dec 2025,2025-12,2025,Q4 2025,Programmatic,HubSpot,Competitor Search,12021,361,992.75,1803,22,12100.0,3.0031,82.5846,2.75,6.0942
2025-11-21,Nov 2025,2025-11,2025,Q4 2025,Paid Social,Facebook Ads,LinkedIn Lead Gen,168254,5048,13882.0,25238,303,166650.0,3.0002,82.5062,2.75,6.0024
2026-03-11,Mar 2026,2026-03,2026,Q1 2026,Paid Search,Amazon Ad Server,Bing Search,235990,7080,19470.0,35399,425,233750.0,3.0001,82.5035,2.75,6.0028
2026-03-19,Mar 2026,2026-03,2026,Q1 2026,Paid Search,StackAdapt,Organic Content,242947,7288,20042.0,36442,437,240350.0,2.9998,82.4954,2.75,5.9962
2026-03-01,Mar 2026,2026-03,2026,Q1 2026,Paid Social,LinkedIn Ads,Demo Requests,47235,1417,3896.75,7085,85,46750.0,2.9999,82.4971,2.75,5.9986
2026-01-19,Jan 2026,2026-01,2026,Q1 2026,Organic,HubSpot,Google Nonbrand,30550,917,2521.75,4583,55,30250.0,3.0016,82.545,2.75,5.9978
2026-03-05,Mar 2026,2026-03,2026,Q1 2026,Programmatic,Bing Ads,Demo Requests,42030,1261,3467.75,6305,76,41800.0,3.0002,82.5065,2.75,6.027
2026-01-04,Jan 2026,2026-01,2026,Q1 2026,Paid Search,Facebook Ads,Brand Search,221910,6657,18306.75,33287,399,219450.0,2.9999,82.4963,2.75,5.9937
2026-01-12,Jan 2026,2026-01,2026,Q1 2026,Programmatic,Amazon Ad Server,Enterprise ABM,13389,402,1105.5,2008,24,13200.0,3.0025,82.5678,2.75,5.9701
2026-02-07,Feb 2026,2026-02,2026,Q1 2026,Paid Search,Amazon Ad Server,Enterprise ABM,163552,4907,13494.25,24533,294,161700.0,3.0003,82.5074,2.75,5.9914
2026-02-21,Feb 2026,2026-02,2026,Q1 2026,Paid Search,HubSpot,Retargeting Display,98406,2952,8118.0,14761,177,97350.0,2.9998,82.495,2.75,5.9959
2025-12-03,Dec 2025,2025-12,2025,Q4 2025,Programmatic,LinkedIn Ads,Brand Search,177238,5317,14621.75,26586,319,175450.0,2.9999,82.4978,2.75,5.9996
2026-04-02,Apr 2026,2026-04,2026,Q2 2026,Paid Social,Bing Ads,Bing Search,121967,3659,10062.25,18295,220,121000.0,3.0,82.4998,2.75,6.0126
2025-10-27,Oct 2025,2025-10,2025,Q4 2025,Paid Social,Bing Ads,Facebook Prospecting,48043,1441,3962.75,7206,86,47300.0,2.9994,82.4834,2.75,5.9681
2026-01-06,Jan 2026,2026-01,2026,Q1 2026,Paid Social,Amazon Ad Server,Enterprise ABM,131064,3932,10813.0,19660,236,129800.0,3.0001,82.5017,2.75,6.002
2026-02-13,Feb 2026,2026-02,2026,Q1 2026,Organic,StackAdapt,Email Nurture,218675,6560,18040.0,32801,394,216700.0,2.9999,82.4969,2.75,6.0061
2026-02-03,Feb 2026,2026-02,2026,Q1 2026,Paid Search,LinkedIn Ads,LinkedIn Lead Gen,39340,1180,3245.0,5901,71,39050.0,2.9995,82.486,2.75,6.0169
2026-04-08,Apr 2026,2026-04,2026,Q2 2026,Paid Search,HubSpot,Enterprise ABM,72731,2182,6000.5,10910,131,72050.0,3.0001,82.5026,2.75,6.0037
2026-04-15,Apr 2026,2026-04,2026,Q2 2026,Paid Search,LinkedIn Ads,Competitor Search,223785,6714,18463.5,33568,403,221650.0,3.0002,82.5055,2.75,6.0024
2026-01-18,Jan 2026,2026-01,2026,Q1 2026,Paid Search,StackAdapt,Retargeting Display,212860,6386,17561.5,31929,383,210650.0,3.0001,82.5026,2.75,5.9975
2026-03-17,Mar 2026,2026-03,2026,Q1 2026,Programmatic,LinkedIn Ads,Organic Content,169535,5086,13986.5,25430,305,167750.0,3.0,82.4992,2.75,5.9969
2026-03-04,Mar 2026,2026-03,2026,Q1 2026,Organic,Amazon Ad Server,LinkedIn Lead Gen,105176,3155,8676.25,15776,189,103950.0,2.9997,82.4927,2.75,5.9905
2025-12-13,Dec 2025,2025-12,2025,Q4 2025,Paid Social,Bing Ads,Awareness Push,166470,4994,13733.5,24971,300,165000.0,2.9999,82.4983,2.75,6.0072
2026-01-10,Jan 2026,2026-01,2026,Q1 2026,Programmatic,StackAdapt,Competitor Search,231574,6947,19104.25,34736,417,229350.0,2.9999,82.4974,2.75,6.0026
2026-03-13,Mar 2026,2026-03,2026,Q1 2026,Paid Social,StackAdapt,Email Nurture,15820,475,1306.25,2373,29,15950.0,3.0025,82.5695,2.75,6.1053
2026-03-04,Mar 2026,2026-03,2026,Q1 2026,Programmatic,Amazon Ad Server,Organic Content,48635,1459,4012.25,7295,88,48400.0,2.9999,82.4972,2.75,6.0315
2026-03-15,Mar 2026,2026-03,2026,Q1 2026,Paid Social,HubSpot,Awareness Push,63697,1911,5255.25,9555,115,63250.0,3.0001,82.5039,2.75,6.0178
2026-01-18,Jan 2026,2026-01,2026,Q1 2026,Paid Social,LinkedIn Ads,Awareness Push,68258,2048,5632.0,10239,123,67650.0,3.0004,82.5105,2.75,6.0059
2025-11-28,Nov 2025,2025-11,2025,Q4 2025,Organic,Bing Ads,LinkedIn Lead Gen,238279,7148,19657.0,35742,429,235950.0,2.9998,82.4957,2.75,6.0017
2026-01-08,Jan 2026,2026-01,2026,Q1 2026,Organic,Google Ads,Email Nurture,208633,6259,17212.25,31295,376,206800.0,3.0,82.5001,2.75,6.0073
2026-03-10,Mar 2026,2026-03,2026,Q1 2026,Organic,Bing Ads,Facebook Prospecting,86001,2580,7095.0,12900,155,85250.0,3.0,82.499,2.75,6.0078
2025-12-17,Dec 2025,2025-12,2025,Q4 2025,Programmatic,Google Ads,LinkedIn Lead Gen,151484,4545,12498.75,22723,273,150150.0,3.0003,82.5087,2.75,6.0066
2025-12-15,Dec 2025,2025-12,2025,Q4 2025,Paid Search,Google Ads,Email Nurture,72522,2176,5984.0,10878,131,72050.0,3.0005,82.5129,2.75,6.0202
2025-12-27,Dec 2025,2025-12,2025,Q4 2025,Programmatic,StackAdapt,Email Nurture,218536,6556,18029.0,32780,393,216150.0,3.0,82.499,2.75,5.9945
2026-03-07,Mar 2026,2026-03,2026,Q1 2026,Programmatic,StackAdapt,Organic Content,20014,600,1650.0,3002,36,19800.0,2.9979,82.4423,2.75,6.0
2025-11-14,Nov 2025,2025-11,2025,Q4 2025,Paid Search,Google Ads,Organic Content,211260,6338,17429.5,31689,380,209000.0,3.0001,82.5026,2.75,5.9956
2026-03-30,Mar 2026,2026-03,2026,Q1 2026,Paid Social,HubSpot,Bing Search,75296,2259,6212.25,11294,136,74800.0,3.0002,82.5044,2.75,6.0204
2025-12-30,Dec 2025,2025-12,2025,Q4 2025,Paid Search,HubSpot,Awareness Push,216855,6506,17891.5,32528,390,214500.0,3.0002,82.5044,2.75,5.9945
2026-01-25,Jan 2026,2026-01,2026,Q1 2026,Paid Social,HubSpot,Retargeting Display,166755,5003,13758.25,25013,300,165000.0,3.0002,82.5058,2.75,5.9964
2026-03-24,Mar 2026,2026-03,2026,Q1 2026,Organic,HubSpot,Retargeting Display,167060,5012,13783.0,25059,301,165550.0,3.0001,82.5033,2.75,6.0056
2026-03-14,Mar 2026,2026-03,2026,Q1 2026,Paid Search,LinkedIn Ads,LinkedIn Lead Gen,245127,7354,20223.5,36769,441,242550.0,3.0001,82.5021,2.75,5.9967
2026-04-01,Apr 2026,2026-04,2026,Q2 2026,Paid Search,Google Ads,LinkedIn Lead Gen,37057,1112,3058.0,5559,67,36850.0,3.0008,82.5215,2.75,6.0252
2026-03-27,Mar 2026,2026-03,2026,Q1 2026,Programmatic,Google Ads,Google Nonbrand,91447,2743,7543.25,13717,165,90750.0,2.9996,82.4877,2.75,6.0153
2026-03-23,Mar 2026,2026-03,2026,Q1 2026,Organic,Facebook Ads,Email Nurture,150662,4520,12430.0,22599,271,149050.0,3.0001,82.5026,2.75,5.9956
2026-01-01,Jan 2026,2026-01,2026,Q1 2026,Paid Search,Amazon Ad Server,Enterprise ABM,152015,4560,12540.0,22802,274,150700.0,2.9997,82.4919,2.75,6.0088
2026-02-08,Feb 2026,2026-02,2026,Q1 2026,Paid Search,Amazon Ad Server,LinkedIn Lead Gen,121582,3647,10029.25,18237,219,120450.0,2.9996,82.4896,2.75,6.0049
2025-12-28,Dec 2025,2025-12,2025,Q4 2025,Paid Social,Facebook Ads,Facebook Prospecting,190600,5718,15724.5,28590,343,188650.0,3.0,82.5,2.75,5.9986
2026-04-01,Apr 2026,2026-04,2026,Q2 2026,Programmatic,Google Analytics,Organic Content,29756,893,2455.75,4463,54,29700.0,3.0011,82.5296,2.75,6.047
2026-03-29,Mar 2026,2026-03,2026,Q1 2026,Paid Social,StackAdapt,Brand Search,135268,4058,11159.5,20290,243,133650.0,3.0,82.4992,2.75,5.9882
2026-03-09,Mar 2026,2026-03,2026,Q1 2026,Paid Social,HubSpot,LinkedIn Lead Gen,212944,6388,17567.0,31942,383,210650.0,2.9998,82.4959,2.75,5.9956
2026-03-30,Mar 2026,2026-03,2026,Q1 2026,Paid Search,Facebook Ads,Bing Search,69165,2075,5706.25,10375,125,68750.0,3.0001,82.502,2.75,6.0241
2026-03-06,Mar 2026,2026-03,2026,Q1 2026,Organic,Google Analytics,LinkedIn Lead Gen,39954,1199,3297.25,5993,72,39600.0,3.001,82.5262,2.75,6.005
2026-01-20,Jan 2026,2026-01,2026,Q1 2026,Paid Search,Google Ads,Awareness Push,185543,5566,15306.5,27831,334,183700.0,2.9998,82.4957,2.75,6.0007
2026-03-05,Mar 2026,2026-03,2026,Q1 2026,Paid Search,HubSpot,Organic Content,212522,6376,17534.0,31878,383,210650.0,3.0002,82.5044,2.75,6.0069
2026-02-25,Feb 2026,2026-02,2026,Q1 2026,Paid Social,Facebook Ads,LinkedIn Lead Gen,16205,486,1336.5,2431,29,15950.0,2.9991,82.4745,2.75,5.9671
2025-11-25,Nov 2025,2025-11,2025,Q4 2025,Paid Search,HubSpot,Email Nurture,103155,3095,8511.25,15473,186,102300.0,3.0003,82.5093,2.75,6.0097
2026-02-24,Feb 2026,2026-02,2026,Q1 2026,Programmatic,Amazon Ad Server,Brand Search,208417,6253,17195.75,31263,375,206250.0,3.0002,82.5065,2.75,5.9971
2026-03-08,Mar 2026,2026-03,2026,Q1 2026,Organic,Facebook Ads,Brand Search,23552,707,1944.25,3533,42,23100.0,3.0019,82.5514,2.75,5.9406
2026-04-02,Apr 2026,2026-04,2026,Q2 2026,Organic,StackAdapt,Competitor Search,17583,527,1449.25,2637,32,17600.0,2.9972,82.4234,2.75,6.0721
2026-01-05,Jan 2026,2026-01,2026,Q1 2026,Organic,HubSpot,Retargeting Display,160612,4818,13249.5,24092,289,158950.0,2.9998,82.4938,2.75,5.9983
2026-03-29,Mar 2026,2026-03,2026,Q1 2026,Paid Search,LinkedIn Ads,Email Nurture,205997,6180,16995.0,30900,371,204050.0,3.0,82.5012,2.75,6.0032
2026-02-18,Feb 2026,2026-02,2026,Q1 2026,Programmatic,Google Analytics,Brand Search,44471,1334,3668.5,6671,80,44000.0,2.9997,82.492,2.75,5.997
2026-02-21,Feb 2026,2026-02,2026,Q1 2026,Paid Social,Facebook Ads,LinkedIn Lead Gen,200514,6015,16541.25,30077,361,198550.0,2.9998,82.4942,2.75,6.0017
2026-04-04,Apr 2026,2026-04,2026,Q2 2026,Paid Search,Bing Ads,Enterprise ABM,51376,1541,4237.75,7706,92,50600.0,2.9995,82.485,2.75,5.9701
2026-01-27,Jan 2026,2026-01,2026,Q1 2026,Paid Social,Bing Ads,Awareness Push,125576,3767,10359.25,18836,226,124300.0,2.9998,82.4939,2.75,5.9995
2026-01-04,Jan 2026,2026-01,2026,Q1 2026,Paid Social,LinkedIn Ads,LinkedIn Lead Gen,219261,6578,18089.5,32889,395,217250.0,3.0001,82.5021,2.75,6.0049
2025-11-27,Nov 2025,2025-11,2025,Q4 2025,Paid Search,StackAdapt,Facebook Prospecting,110280,3308,9097.0,16542,198,108900.0,2.9996,82.49,2.75,5.9855
2026-02-09,Feb 2026,2026-02,2026,Q1 2026,Paid Search,Facebook Ads,Google Nonbrand,67546,2026,5571.5,10132,122,67100.0,2.9994,82.4845,2.75,6.0217
2025-12-19,Dec 2025,2025-12,2025,Q4 2025,Organic,HubSpot,Bing Search,101682,3050,8387.5,15252,183,100650.0,2.9995,82.4876,2.75,6.0
2025-12-28,Dec 2025,2025-12,2025,Q4 2025,Paid Search,StackAdapt,Demo Requests,11263,338,929.5,1689,20,11000.0,3.001,82.5269,2.75,5.9172
2025-12-04,Dec 2025,2025-12,2025,Q4 2025,Programmatic,HubSpot,Email Nurture,172778,5183,14253.25,25917,311,171050.0,2.9998,82.4946,2.75,6.0004
2026-01-26,Jan 2026,2026-01,2026,Q1 2026,Organic,StackAdapt,Bing Search,175504,5265,14478.75,26326,316,173800.0,2.9999,82.4981,2.75,6.0019
2026-02-25,Feb 2026,2026-02,2026,Q1 2026,Programmatic,Amazon Ad Server,Competitor Search,240178,7205,19813.75,36027,432,237600.0,2.9999,82.4961,2.75,5.9958
2026-03-21,Mar 2026,2026-03,2026,Q1 2026,Paid Social,Google Ads,Email Nurture,157485,4725,12993.75,23623,284,156200.0,3.0003,82.5079,2.75,6.0106
2025-12-05,Dec 2025,2025-12,2025,Q4 2025,Paid Search,Google Ads,Bing Search,42957,1289,3544.75,6444,77,42350.0,3.0007,82.5186,2.75,5.9736
2026-04-25,Apr 2026,2026-04,2026,Q2 2026,Organic,Google Analytics,Competitor Search,91602,2748,7557.0,13740,165,90750.0,2.9999,82.4982,2.75,6.0044
2026-03-21,Mar 2026,2026-03,2026,Q1 2026,Paid Social,Google Analytics,Demo Requests,188300,5649,15534.75,28245,339,186450.0,3.0,82.5,2.75,6.0011
2026-01-23,Jan 2026,2026-01,2026,Q1 2026,Organic,Google Analytics,Facebook Prospecting,24391,732,2013.0,3659,44,24200.0,3.0011,82.5304,2.75,6.0109
2026-01-18,Jan 2026,2026-01,2026,Q1 2026,Programmatic,LinkedIn Ads,Enterprise ABM,110371,3311,9105.25,16556,199,109450.0,2.9999,82.4968,2.75,6.0103
2025-11-19,Nov 2025,2025-11,2025,Q4 2025,Paid Search,LinkedIn Ads,LinkedIn Lead Gen,228355,6851,18840.25,34253,411,226050.0,3.0002,82.5042,2.75,5.9991
2026-04-24,Apr 2026,2026-04,2026,Q2 2026,Paid Social,HubSpot,Competitor Search,160948,4828,13277.0,24142,290,159500.0,2.9997,82.4925,2.75,6.0066
2026-04-11,Apr 2026,2026-04,2026,Q2 2026,Paid Search,Google Analytics,Retargeting Display,158796,4764,13101.0,23819,286,157300.0,3.0001,82.5021,2.75,6.0034
2026-01-16,Jan 2026,2026-01,2026,Q1 2026,Paid Search,StackAdapt,Demo Requests,87104,2613,7185.75,13066,157,86350.0,2.9999,82.4962,2.75,6.0084
2025-12-04,Dec 2025,2025-12,2025,Q4 2025,Programmatic,LinkedIn Ads,Awareness Push,74484,2235,6146.25,11173,134,73700.0,3.0006,82.5177,2.75,5.9955
2025-11-30,Nov 2025,2025-11,2025,Q4 2025,Organic,StackAdapt,Bing Search,223005,6690,18397.5,33451,401,220550.0,2.9999,82.4982,2.75,5.994
2026-01-09,Jan 2026,2026-01,2026,Q1 2026,Organic,HubSpot,Google Nonbrand,179451,5384,14806.0,26918,323,177650.0,3.0003,82.5072,2.75,5.9993
2025-11-03,Nov 2025,2025-11,2025,Q4 2025,Paid Social,HubSpot,Demo Requests,78445,2353,6470.75,11767,141,77550.0,2.9996,82.4877,2.75,5.9924
2026-04-05,Apr 2026,2026-04,2026,Q2 2026,Programmatic,StackAdapt,Retargeting Display,9008,270,742.5,1351,16,8800.0,2.9973,82.4267,2.75,5.9259
2026-04-19,Apr 2026,2026-04,2026,Q2 2026,Organic,LinkedIn Ads,Facebook Prospecting,49060,1472,4048.0,7359,88,48400.0,3.0004,82.5112,2.75,5.9783
2025-11-28,Nov 2025,2025-11,2025,Q4 2025,Organic,LinkedIn Ads,Google Nonbrand,243674,7310,20102.5,36551,439,241450.0,2.9999,82.4975,2.75,6.0055
2026-02-13,Feb 2026,2026-02,2026,Q1 2026,Paid Social,Amazon Ad Server,Demo Requests,65710,1971,5420.25,9857,118,64900.0,2.9995,82.4874,2.75,5.9868
2026-01-06,Jan 2026,2026-01,2026,Q1 2026,Paid Social,Amazon Ad Server,Demo Requests,78399,2352,6468.0,11760,141,77550.0,3.0,82.5011,2.75,5.9949
2026-02-23,Feb 2026,2026-02,2026,Q1 2026,Paid Search,Amazon Ad Server,Retargeting Display,114698,3441,9462.75,17205,206,113300.0,3.0001,82.5014,2.75,5.9866
2026-03-11,Mar 2026,2026-03,2026,Q1 2026,Organic,Facebook Ads,Email Nurture,200735,6022,16560.5,30110,361,198550.0,3.0,82.4993,2.75,5.9947
2025-12-09,Dec 2025,2025-12,2025,Q4 2025,Organic,Facebook Ads,LinkedIn Lead Gen,245854,7376,20284.0,36878,443,243650.0,3.0002,82.5043,2.75,6.006
2026-03-16,Mar 2026,2026-03,2026,Q1 2026,Paid Search,Facebook Ads,Demo Requests,93741,2812,7733.0,14061,169,92950.0,2.9998,82.4933,2.75,6.01
2026-03-04,Mar 2026,2026-03,2026,Q1 2026,Organic,HubSpot,Facebook Prospecting,55133,1654,4548.5,8270,99,54450.0,3.0,82.5005,2.75,5.9855
2026-02-04,Feb 2026,2026-02,2026,Q1 2026,Organic,Google Analytics,Email Nurture,196874,5906,16241.5,29531,354,194700.0,2.9999,82.4969,2.75,5.9939
2025-12-09,Dec 2025,2025-12,2025,Q4 2025,Organic,Google Analytics,Facebook Prospecting,114524,3436,9449.0,17179,206,113300.0,3.0002,82.5067,2.75,5.9953
2025-12-23,Dec 2025,2025-12,2025,Q4 2025,Programmatic,HubSpot,Organic Content,199181,5975,16431.25,29877,359,197450.0,2.9998,82.4941,2.75,6.0084
2026-02-23,Feb 2026,2026-02,2026,Q1 2026,Paid Search,LinkedIn Ads,Awareness Push,66697,2001,5502.75,10005,120,66000.0,3.0001,82.5037,2.75,5.997
2026-01-29,Jan 2026,2026-01,2026,Q1 2026,Paid Search,Google Ads,Brand Search,87410,2622,7210.5,13112,157,86350.0,2.9997,82.4906,2.75,5.9878
2026-01-03,Jan 2026,2026-01,2026,Q1 2026,Programmatic,Google Ads,Bing Search,152882,4586,12611.5,22932,275,151250.0,2.9997,82.4917,2.75,5.9965
2026-03-31,Mar 2026,2026-03,2026,Q1 2026,Paid Social,Google Analytics,LinkedIn Lead Gen,167882,5036,13849.0,25182,302,166100.0,2.9997,82.4925,2.75,5.9968
2026-04-16,Apr 2026,2026-04,2026,Q2 2026,Programmatic,Amazon Ad Server,Organic Content,136848,4105,11288.75,20527,246,135300.0,2.9997,82.4912,2.75,5.9927
2026-01-11,Jan 2026,2026-01,2026,Q1 2026,Organic,Facebook Ads,Bing Search,172699,5181,14247.75,25905,311,171050.0,3.0,82.5005,2.75,6.0027
2026-02-07,Feb 2026,2026-02,2026,Q1 2026,Paid Search,Google Ads,Google Nonbrand,233092,6993,19230.75,34964,420,231000.0,3.0001,82.5028,2.75,6.006
2026-04-11,Apr 2026,2026-04,2026,Q2 2026,Paid Search,Google Ads,Organic Content,29033,871,2395.25,4355,52,28600.0,3.0,82.5009,2.75,5.9701
2026-02-11,Feb 2026,2026-02,2026,Q1 2026,Paid Search,Facebook Ads,Competitor Search,238443,7153,19670.75,35766,429,235950.0,2.9999,82.4967,2.75,5.9975
2026-04-20,Apr 2026,2026-04,2026,Q2 2026,Paid Social,Bing Ads,LinkedIn Lead Gen,196352,5891,16200.25,29453,353,194150.0,3.0002,82.5062,2.75,5.9922
2025-12-29,Dec 2025,2025-12,2025,Q4 2025,Paid Social,Google Ads,Google Nonbrand,66675,2000,5500.0,10001,120,66000.0,2.9996,82.4897,2.75,6.0
2026-03-09,Mar 2026,2026-03,2026,Q1 2026,Paid Social,HubSpot,LinkedIn Lead Gen,211785,6354,17473.5,31768,381,209550.0,3.0002,82.5058,2.75,5.9962
2025-12-16,Dec 2025,2025-12,2025,Q4 2025,Paid Search,Bing Ads,Google Nonbrand,203130,6094,16758.5,30470,366,201300.0,3.0,82.5014,2.75,6.0059
2025-12-14,Dec 2025,2025-12,2025,Q4 2025,Organic,Facebook Ads,Demo Requests,231376,6941,19087.75,34706,416,228800.0,2.9999,82.4967,2.75,5.9934
2026-01-01,Jan 2026,2026-01,2026,Q1 2026,Organic,StackAdapt,Email Nurture,88486,2655,7301.25,13273,159,87450.0,3.0005,82.5131,2.75,5.9887
2025-12-17,Dec 2025,2025-12,2025,Q4 2025,Paid Social,Facebook Ads,Enterprise ABM,111610,3348,9207.0,16742,201,110550.0,2.9997,82.4926,2.75,6.0036
2026-02-04,Feb 2026,2026-02,2026,Q1 2026,Paid Social,StackAdapt,Enterprise ABM,141962,4259,11712.25,21294,256,140800.0,3.0001,82.5027,2.75,6.0108
2025-10-27,Oct 2025,2025-10,2025,Q4 2025,Paid Social,Amazon Ad Server,LinkedIn Lead Gen,171492,5145,14148.75,25724,309,169950.0,3.0001,82.5038,2.75,6.0058
2025-11-05,Nov 2025,2025-11,2025,Q4 2025,Organic,LinkedIn Ads,Competitor Search,117508,3525,9693.75,17626,212,116600.0,2.9998,82.4944,2.75,6.0142
2026-02-11,Feb 2026,2026-02,2026,Q1 2026,Paid Social,StackAdapt,Enterprise ABM,14395,432,1188.0,2159,26,14300.0,3.001,82.5287,2.75,6.0185
2025-11-18,Nov 2025,2025-11,2025,Q4 2025,Programmatic,Facebook Ads,Enterprise ABM,165614,4968,13662.0,24842,298,163900.0,2.9997,82.493,2.75,5.9984
2025-12-17,Dec 2025,2025-12,2025,Q4 2025,Paid Social,Facebook Ads,LinkedIn Lead Gen,133587,4008,11022.0,20038,240,132000.0,3.0003,82.508,2.75,5.988
2026-02-15,Feb 2026,2026-02,2026,Q1 2026,Programmatic,Google Ads,Google Nonbrand,85214,2556,7029.0,12782,153,84150.0,2.9995,82.4864,2.75,5.9859
2025-12-23,Dec 2025,2025-12,2025,Q4 2025,Paid Social,Google Analytics,Enterprise ABM,228808,6864,18876.0,34321,412,226600.0,2.9999,82.4971,2.75,6.0023
2025-12-27,Dec 2025,2025-12,2025,Q4 2025,Organic,Google Analytics,Demo Requests,112461,3374,9278.5,16869,202,111100.0,3.0002,82.5042,2.75,5.987
2026-04-04,Apr 2026,2026-04,2026,Q2 2026,Paid Search,Amazon Ad Server,Demo Requests,52709,1581,4347.75,7906,95,52250.0,2.9995,82.4859,2.75,6.0089
2025-10-30,Oct 2025,2025-10,2025,Q4 2025,Programmatic,Amazon Ad Server,Retargeting Display,65934,1978,5439.5,9890,119,65450.0,3.0,82.4992,2.75,6.0162
2025-12-15,Dec 2025,2025-12,2025,Q4 2025,Organic,StackAdapt,Brand Search,168220,5047,13879.25,25233,303,166650.0,3.0002,82.5065,2.75,6.0036
2025-12-21,Dec 2025,2025-12,2025,Q4 2025,Paid Social,Amazon Ad Server,Bing Search,242374,7271,19995.25,36356,436,239800.0,2.9999,82.4975,2.75,5.9964
2025-11-01,Nov 2025,2025-11,2025,Q4 2025,Organic,Google Analytics,Facebook Prospecting,214058,6422,17660.5,32109,385,211750.0,3.0001,82.5033,2.75,5.995
2026-01-17,Jan 2026,2026-01,2026,Q1 2026,Organic,LinkedIn Ads,Facebook Prospecting,223358,6701,18427.75,33504,402,221100.0,3.0001,82.5032,2.75,5.9991
2026-03-17,Mar 2026,2026-03,2026,Q1 2026,Paid Social,Google Analytics,Bing Search,69781,2093,5755.75,10467,126,69300.0,2.9994,82.4831,2.75,6.0201
2026-01-16,Jan 2026,2026-01,2026,Q1 2026,Organic,LinkedIn Ads,Retargeting Display,188562,5657,15556.75,28284,339,186450.0,3.0001,82.502,2.75,5.9926
2026-04-06,Apr 2026,2026-04,2026,Q2 2026,Paid Social,HubSpot,Awareness Push,158108,4743,13043.25,23716,285,156750.0,2.9998,82.4958,2.75,6.0089
2025-12-06,Dec 2025,2025-12,2025,Q4 2025,Paid Search,HubSpot,Competitor Search,110018,3301,9077.75,16503,198,108900.0,3.0004,82.5115,2.75,5.9982
2026-01-21,Jan 2026,2026-01,2026,Q1 2026,Paid Search,StackAdapt,Email Nurture,183148,5494,15108.5,27472,330,181500.0,2.9998,82.4934,2.75,6.0066
2026-04-14,Apr 2026,2026-04,2026,Q2 2026,Programmatic,Facebook Ads,Google Nonbrand,213995,6420,17655.0,32099,385,211750.0,3.0001,82.5019,2.75,5.9969
2026-02-13,Feb 2026,2026-02,2026,Q1 2026,Programmatic,StackAdapt,Demo Requests,237996,7140,19635.0,35699,428,235400.0,3.0001,82.5014,2.75,5.9944
2025-12-26,Dec 2025,2025-12,2025,Q4 2025,Organic,HubSpot,Competitor Search,175867,5276,14509.0,26380,317,174350.0,3.0,82.4998,2.75,6.0083
2026-01-22,Jan 2026,2026-01,2026,Q1 2026,Paid Search,LinkedIn Ads,Brand Search,247688,7431,20435.25,37153,446,245300.0,3.0001,82.504,2.75,6.0019
2025-10-31,Oct 2025,2025-10,2025,Q4 2025,Paid Search,Google Analytics,Email Nurture,90412,2712,7458.0,13562,163,89650.0,2.9996,82.4891,2.75,6.0103
2026-04-25,Apr 2026,2026-04,2026,Q2 2026,Paid Search,HubSpot,Awareness Push,242860,7286,20036.5,36429,437,240350.0,3.0001,82.5023,2.75,5.9978
2026-03-09,Mar 2026,2026-03,2026,Q1 2026,Organic,Amazon Ad Server,Competitor Search,73539,2206,6066.5,11031,132,72600.0,2.9998,82.4936,2.75,5.9837
2026-02-12,Feb 2026,2026-02,2026,Q1 2026,Paid Social,Google Ads,Enterprise ABM,244456,7334,20168.5,36668,440,242000.0,3.0001,82.5036,2.75,5.9995
2025-12-21,Dec 2025,2025-12,2025,Q4 2025,Paid Search,Google Analytics,Email Nurture,186874,5606,15416.5,28031,336,184800.0,2.9999,82.4968,2.75,5.9936
2026-02-24,Feb 2026,2026-02,2026,Q1 2026,Programmatic,Google Analytics,Awareness Push,197484,5925,16293.75,29623,356,195800.0,3.0002,82.5067,2.75,6.0084
2026-03-23,Mar 2026,2026-03,2026,Q1 2026,Organic,Google Ads,Brand Search,99837,2995,8236.25,14976,180,99000.0,2.9999,82.497,2.75,6.01
2026-04-15,Apr 2026,2026-04,2026,Q2 2026,Paid Search,Facebook Ads,Brand Search,98114,2943,8093.25,14717,177,97350.0,2.9996,82.4882,2.75,6.0143
2026-02-08,Feb 2026,2026-02,2026,Q1 2026,Programmatic,Google Ads,Retargeting Display,30281,908,2497.0,4542,54,29700.0,2.9986,82.4609,2.75,5.9471
2025-12-07,Dec 2025,2025-12,2025,Q4 2025,Organic,StackAdapt,LinkedIn Lead Gen,7105,213,585.75,1066,13,7150.0,2.9979,82.4419,2.75,6.1033
2026-03-25,Mar 2026,2026-03,2026,Q1 2026,Paid Social,StackAdapt,Enterprise ABM,176847,5305,14588.75,26527,318,174900.0,2.9998,82.4936,2.75,5.9943
2026-01-15,Jan 2026,2026-01,2026,Q1 2026,Paid Search,Amazon Ad Server,Demo Requests,81070,2432,6688.0,12161,146,80300.0,2.9999,82.4966,2.75,6.0033
2026-01-03,Jan 2026,2026-01,2026,Q1 2026,Organic,Google Analytics,Demo Requests,230774,6923,19038.25,34616,415,228250.0,2.9999,82.4974,2.75,5.9945
2026-03-22,Mar 2026,2026-03,2026,Q1 2026,Paid Search,Amazon Ad Server,Competitor Search,198940,5968,16412.0,29841,358,196900.0,2.9999,82.4972,2.75,5.9987
2025-12-20,Dec 2025,2025-12,2025,Q4 2025,Programmatic,Facebook Ads,Email Nurture,185528,5566,15306.5,27829,334,183700.0,3.0001,82.5024,2.75,6.0007
2025-12-10,Dec 2025,2025-12,2025,Q4 2025,Paid Search,Bing Ads,Facebook Prospecting,191905,5757,15831.75,28786,345,189750.0,2.9999,82.4979,2.75,5.9927
2026-03-13,Mar 2026,2026-03,2026,Q1 2026,Programmatic,HubSpot,Email Nurture,97349,2920,8030.0,14602,175,96250.0,2.9995,82.4867,2.75,5.9932
2026-04-01,Apr 2026,2026-04,2026,Q2 2026,Paid Social,Bing Ads,Google Nonbrand,152831,4585,12608.75,22925,275,151250.0,3.0,82.5013,2.75,5.9978
2026-01-20,Jan 2026,2026-01,2026,Q1 2026,Organic,Google Analytics,Retargeting Display,29653,890,2447.5,4448,53,29150.0,3.0014,82.538,2.75,5.9551
2026-03-22,Mar 2026,2026-03,2026,Q1 2026,Programmatic,LinkedIn Ads,Awareness Push,198908,5967,16409.25,29836,358,196900.0,2.9999,82.4967,2.75,5.9997
2026-02-21,Feb 2026,2026-02,2026,Q1 2026,Paid Search,LinkedIn Ads,Email Nurture,76820,2305,6338.75,11523,138,75900.0,3.0005,82.5143,2.75,5.987
2026-04-16,Apr 2026,2026-04,2026,Q2 2026,Paid Social,Amazon Ad Server,Retargeting Display,123681,3710,10202.5,18552,223,122650.0,2.9997,82.4904,2.75,6.0108
2026-03-06,Mar 2026,2026-03,2026,Q1 2026,Paid Social,LinkedIn Ads,Enterprise ABM,20900,627,1724.25,3135,38,20900.0,3.0,82.5,2.75,6.0606
2025-12-18,Dec 2025,2025-12,2025,Q4 2025,Programmatic,Google Ads,Google Nonbrand,241361,7241,19912.75,36204,434,238700.0,3.0001,82.5019,2.75,5.9936
2026-02-05,Feb 2026,2026-02,2026,Q1 2026,Organic,Google Analytics,Facebook Prospecting,120901,3627,9974.25,18135,218,119900.0,3.0,82.4993,2.75,6.0105
2025-12-19,Dec 2025,2025-12,2025,Q4 2025,Organic,StackAdapt,Bing Search,19191,576,1584.0,2879,35,19250.0,3.0014,82.5387,2.75,6.0764
2026-01-21,Jan 2026,2026-01,2026,Q1 2026,Programmatic,LinkedIn Ads,Google Nonbrand,9750,293,805.75,1463,18,9900.0,3.0051,82.641,2.75,6.1433
2026-04-04,Apr 2026,2026-04,2026,Q2 2026,Paid Social,HubSpot,Retargeting Display,69529,2086,5736.5,10429,125,68750.0,3.0002,82.5051,2.75,5.9923
2025-11-25,Nov 2025,2025-11,2025,Q4 2025,Paid Search,Google Ads,Enterprise ABM,73100,2193,6030.75,10965,132,72600.0,3.0,82.5,2.75,6.0192
2025-11-10,Nov 2025,2025-11,2025,Q4 2025,Paid Search,Google Ads,LinkedIn Lead Gen,36213,1086,2986.5,5432,65,35750.0,2.9989,82.4704,2.75,5.9853
2025-10-30,Oct 2025,2025-10,2025,Q4 2025,Organic,Amazon Ad Server,Retargeting Display,55784,1674,4603.5,8368,100,55000.0,3.0009,82.5237,2.75,5.9737
2026-03-12,Mar 2026,2026-03,2026,Q1 2026,Paid Social,LinkedIn Ads,Google Nonbrand,28983,869,2389.75,4347,52,28600.0,2.9983,82.4535,2.75,5.9839
2025-12-09,Dec 2025,2025-12,2025,Q4 2025,Paid Social,Google Ads,Enterprise ABM,150594,4518,12424.5,22589,271,149050.0,3.0001,82.5033,2.75,5.9982
2026-03-03,Mar 2026,2026-03,2026,Q1 2026,Paid Social,Google Ads,Facebook Prospecting,88324,2650,7287.5,13249,159,87450.0,3.0003,82.5087,2.75,6.0
2026-03-01,Mar 2026,2026-03,2026,Q1 2026,Organic,LinkedIn Ads,Awareness Push,71632,2149,5909.75,10745,129,70950.0,3.0001,82.5015,2.75,6.0028
2025-11-29,Nov 2025,2025-11,2025,Q4 2025,Organic,Bing Ads,Enterprise ABM,63681,1910,5252.5,9552,115,63250.0,2.9993,82.4814,2.75,6.0209
2026-01-13,Jan 2026,2026-01,2026,Q1 2026,Paid Search,Facebook Ads,Awareness Push,171953,5159,14187.25,25793,310,170500.0,3.0002,82.5066,2.75,6.0089
2026-03-09,Mar 2026,2026-03,2026,Q1 2026,Paid Search,HubSpot,Enterprise ABM,138082,4142,11390.5,20712,249,136950.0,2.9997,82.4908,2.75,6.0116
2026-01-19,Jan 2026,2026-01,2026,Q1 2026,Paid Social,LinkedIn Ads,Google Nonbrand,231361,6941,19087.75,34704,416,228800.0,3.0001,82.502,2.75,5.9934
2025-12-25,Dec 2025,2025-12,2025,Q4 2025,Programmatic,Google Ads,Brand Search,130771,3923,10788.25,19616,235,129250.0,2.9999,82.4973,2.75,5.9903
2025-11-28,Nov 2025,2025-11,2025,Q4 2025,Organic,HubSpot,Brand Search,193650,5810,15977.5,29048,349,191950.0,3.0003,82.5071,2.75,6.0069
2026-04-08,Apr 2026,2026-04,2026,Q2 2026,Programmatic,Facebook Ads,Competitor Search,217587,6528,17952.0,32638,392,215600.0,3.0002,82.5049,2.75,6.0049
2025-12-01,Dec 2025,2025-12,2025,Q4 2025,Paid Search,Google Analytics,Enterprise ABM,187956,5639,15507.25,28193,338,185900.0,3.0002,82.5047,2.75,5.994
2026-02-25,Feb 2026,2026-02,2026,Q1 2026,Paid Social,Amazon Ad Server,Google Nonbrand,220171,6605,18163.75,33026,396,217800.0,2.9999,82.4984,2.75,5.9955
2026-04-03,Apr 2026,2026-04,2026,Q2 2026,Organic,LinkedIn Ads,Facebook Prospecting,112869,3386,9311.5,16930,203,111650.0,2.9999,82.4983,2.75,5.9953
2026-01-06,Jan 2026,2026-01,2026,Q1 2026,Paid Social,Amazon Ad Server,Facebook Prospecting,87302,2619,7202.25,13095,157,86350.0,2.9999,82.4981,2.75,5.9947
2026-01-31,Jan 2026,2026-01,2026,Q1 2026,Programmatic,HubSpot,Organic Content,49859,1496,4114.0,7479,90,49500.0,3.0005,82.5127,2.75,6.016
2025-11-13,Nov 2025,2025-11,2025,Q4 2025,Paid Social,Google Ads,LinkedIn Lead Gen,189128,5674,15603.5,28369,340,187000.0,3.0001,82.5023,2.75,5.9922
2026-01-12,Jan 2026,2026-01,2026,Q1 2026,Paid Social,Facebook Ads,Google Nonbrand,71229,2137,5876.75,10684,128,70400.0,3.0002,82.505,2.75,5.9897
2025-11-30,Nov 2025,2025-11,2025,Q4 2025,Programmatic,Facebook Ads,Enterprise ABM,208831,6265,17228.75,31325,376,206800.0,3.0,82.5009,2.75,6.0016
2026-04-05,Apr 2026,2026-04,2026,Q2 2026,Organic,LinkedIn Ads,Google Nonbrand,91946,2758,7584.5,13792,165,90750.0,2.9996,82.4886,2.75,5.9826
2025-12-31,Dec 2025,2025-12,2025,Q4 2025,Organic,Google Ads,Retargeting Display,95985,2880,7920.0,14398,173,95150.0,3.0005,82.5129,2.75,6.0069
2025-12-18,Dec 2025,2025-12,2025,Q4 2025,Programmatic,Google Analytics,Brand Search,2951,89,244.75,443,5,2750.0,3.0159,82.938,2.75,5.618
2026-01-22,Jan 2026,2026-01,2026,Q1 2026,Organic,Google Analytics,LinkedIn Lead Gen,244058,7322,20135.5,36609,439,241450.0,3.0001,82.5029,2.75,5.9956
2026-01-28,Jan 2026,2026-01,2026,Q1 2026,Paid Social,Amazon Ad Server,Facebook Prospecting,240917,7228,19877.0,36138,434,238700.0,3.0002,82.5056,2.75,6.0044
2025-12-11,Dec 2025,2025-12,2025,Q4 2025,Paid Search,StackAdapt,Google Nonbrand,229334,6880,18920.0,34400,413,227150.0,3.0,82.4998,2.75,6.0029
2026-03-15,Mar 2026,2026-03,2026,Q1 2026,Paid Search,Google Analytics,Demo Requests,108928,3268,8987.0,16339,196,107800.0,3.0001,82.504,2.75,5.9976
2025-12-23,Dec 2025,2025-12,2025,Q4 2025,Organic,Bing Ads,Competitor Search,104425,3133,8615.75,15664,188,103400.0,3.0002,82.5066,2.75,6.0006
2025-11-28,Nov 2025,2025-11,2025,Q4 2025,Organic,Bing Ads,Facebook Prospecting,169534,5086,13986.5,25430,305,167750.0,3.0,82.4997,2.75,5.9969
2025-11-26,Nov 2025,2025-11,2025,Q4 2025,Paid Search,LinkedIn Ads,Organic Content,7554,227,624.25,1133,14,7700.0,3.005,82.6383,2.75,6.1674
2025-11-23,Nov 2025,2025-11,2025,Q4 2025,Programmatic,Google Ads,Google Nonbrand,195607,5868,16137.0,29341,352,193600.0,2.9999,82.497,2.75,5.9986
2026-01-10,Jan 2026,2026-01,2026,Q1 2026,Paid Search,HubSpot,LinkedIn Lead Gen,204224,6127,16849.25,30634,368,202400.0,3.0001,82.5038,2.75,6.0062
2025-11-23,Nov 2025,2025-11,2025,Q4 2025,Organic,Bing Ads,Bing Search,240233,7207,19819.25,36035,432,237600.0,3.0,82.5001,2.75,5.9942
2026-04-08,Apr 2026,2026-04,2026,Q2 2026,Paid Search,LinkedIn Ads,Google Nonbrand,245841,7375,20281.25,36876,443,243650.0,2.9999,82.4974,2.75,6.0068
2025-12-30,Dec 2025,2025-12,2025,Q4 2025,Organic,Facebook Ads,Facebook Prospecting,74993,2250,6187.5,11249,135,74250.0,3.0003,82.5077,2.75,6.0
2026-01-24,Jan 2026,2026-01,2026,Q1 2026,Programmatic,Google Ads,LinkedIn Lead Gen,91269,2738,7529.5,13690,164,90200.0,2.9999,82.4979,2.75,5.9898
2026-04-17,Apr 2026,2026-04,2026,Q2 2026,Paid Search,Bing Ads,Facebook Prospecting,50399,1512,4158.0,7560,91,50050.0,3.0001,82.5016,2.75,6.0185
2025-11-01,Nov 2025,2025-11,2025,Q4 2025,Paid Search,StackAdapt,Organic Content,218433,6553,18020.75,32765,393,216150.0,3.0,82.5001,2.75,5.9973
2026-01-13,Jan 2026,2026-01,2026,Q1 2026,Paid Social,Google Ads,Enterprise ABM,53087,1593,4380.75,7963,96,52800.0,3.0007,82.5202,2.75,6.0264
2026-02-27,Feb 2026,2026-02,2026,Q1 2026,Organic,Google Ads,Competitor Search,57802,1734,4768.5,8670,104,57200.0,2.9999,82.4971,2.75,5.9977
2026-03-09,Mar 2026,2026-03,2026,Q1 2026,Paid Search,Facebook Ads,Enterprise ABM,118979,3569,9814.75,17847,214,117700.0,2.9997,82.4914,2.75,5.9961
2026-02-03,Feb 2026,2026-02,2026,Q1 2026,Programmatic,StackAdapt,Demo Requests,105856,3176,8734.0,15878,191,105050.0,3.0003,82.5083,2.75,6.0139
2025-12-20,Dec 2025,2025-12,2025,Q4 2025,Organic,Amazon Ad Server,Demo Requests,69054,2072,5698.0,10358,124,68200.0,3.0006,82.5151,2.75,5.9846
2026-02-11,Feb 2026,2026-02,2026,Q1 2026,Organic,Google Ads,Email Nurture,168446,5053,13895.75,25267,303,166650.0,2.9998,82.4938,2.75,5.9964
2026-02-10,Feb 2026,2026-02,2026,Q1 2026,Programmatic,HubSpot,Brand Search,137668,4130,11357.5,20650,248,136400.0,3.0,82.4992,2.75,6.0048
2025-12-07,Dec 2025,2025-12,2025,Q4 2025,Organic,StackAdapt,Enterprise ABM,158288,4749,13059.75,23743,285,156750.0,3.0002,82.5063,2.75,6.0013
2026-02-16,Feb 2026,2026-02,2026,Q1 2026,Programmatic,Facebook Ads,Bing Search,7262,218,599.5,1089,13,7150.0,3.0019,82.553,2.75,5.9633
2026-01-11,Jan 2026,2026-01,2026,Q1 2026,Paid Social,Google Ads,Facebook Prospecting,201814,6054,16648.5,30272,363,199650.0,2.9998,82.4943,2.75,5.996
2026-04-20,Apr 2026,2026-04,2026,Q2 2026,Paid Search,Facebook Ads,LinkedIn Lead Gen,187852,5636,15499.0,28178,338,185900.0,3.0002,82.5064,2.75,5.9972
2026-01-25,Jan 2026,2026-01,2026,Q1 2026,Paid Search,HubSpot,Awareness Push,184549,5536,15224.0,27682,332,182600.0,2.9997,82.493,2.75,5.9971
2026-02-13,Feb 2026,2026-02,2026,Q1 2026,Programmatic,LinkedIn Ads,Facebook Prospecting,228751,6863,18873.25,34313,412,226600.0,3.0002,82.5057,2.75,6.0032
2026-03-28,Mar 2026,2026-03,2026,Q1 2026,Organic,Facebook Ads,LinkedIn Lead Gen,238284,7149,19659.75,35743,429,235950.0,3.0002,82.5055,2.75,6.0008
2025-12-10,Dec 2025,2025-12,2025,Q4 2025,Paid Search,StackAdapt,Enterprise ABM,197857,5936,16324.0,29679,356,195800.0,3.0001,82.504,2.75,5.9973
2026-04-01,Apr 2026,2026-04,2026,Q2 2026,Paid Search,Amazon Ad Server,Email Nurture,216259,6488,17842.0,32439,389,213950.0,3.0001,82.5029,2.75,5.9957
2025-12-20,Dec 2025,2025-12,2025,Q4 2025,Programmatic,Google Analytics,Retargeting Display,83174,2495,6861.25,12476,150,82500.0,2.9997,82.4927,2.75,6.012
2026-02-25,Feb 2026,2026-02,2026,Q1 2026,Paid Social,Google Ads,Email Nurture,240607,7218,19849.5,36091,433,238150.0,2.9999,82.4976,2.75,5.9989
2025-11-28,Nov 2025,2025-11,2025,Q4 2025,Programmatic,LinkedIn Ads,Organic Content,222185,6666,18331.5,33328,400,220000.0,3.0002,82.5056,2.75,6.0006
2026-04-02,Apr 2026,2026-04,2026,Q2 2026,Organic,Google Analytics,Email Nurture,219912,6597,18141.75,32987,396,217800.0,2.9998,82.4955,2.75,6.0027
2025-11-22,Nov 2025,2025-11,2025,Q4 2025,Paid Social,LinkedIn Ads,Awareness Push,76544,2296,6314.0,11482,138,75900.0,2.9996,82.4885,2.75,6.0105
2026-03-16,Mar 2026,2026-03,2026,Q1 2026,Paid Search,StackAdapt,Enterprise ABM,232540,6976,19184.0,34881,419,230450.0,2.9999,82.4976,2.75,6.0063
2026-02-26,Feb 2026,2026-02,2026,Q1 2026,Paid Search,Amazon Ad Server,Email Nurture,65949,1978,5439.5,9892,119,65450.0,2.9993,82.4804,2.75,6.0162
2026-02-19,Feb 2026,2026-02,2026,Q1 2026,Paid Search,StackAdapt,LinkedIn Lead Gen,5502,165,453.75,825,10,5500.0,2.9989,82.47,2.75,6.0606
2026-03-28,Mar 2026,2026-03,2026,Q1 2026,Paid Social,LinkedIn Ads,Google Nonbrand,58367,1751,4815.25,8755,105,57750.0,3.0,82.4995,2.75,5.9966
2026-04-11,Apr 2026,2026-04,2026,Q2 2026,Paid Search,HubSpot,Bing Search,145240,4357,11981.75,21786,261,143550.0,2.9999,82.4962,2.75,5.9904
2026-02-25,Feb 2026,2026-02,2026,Q1 2026,Paid Search,StackAdapt,Google Nonbrand,58167,1745,4798.75,8725,105,57750.0,3.0,82.4995,2.75,6.0172
2026-03-06,Mar 2026,2026-03,2026,Q1 2026,Paid Social,Google Ads,Competitor Search,18240,547,1504.25,2736,33,18150.0,2.9989,82.4698,2.75,6.0329
2026-03-16,Mar 2026,2026-03,2026,Q1 2026,Paid Social,Facebook Ads,Competitor Search,110870,3326,9146.5,16631,200,110000.0,2.9999,82.4975,2.75,6.0132
2025-10-31,Oct 2025,2025-10,2025,Q4 2025,Programmatic,Bing Ads,Email Nurture,234350,7031,19335.25,35153,422,232100.0,3.0002,82.5059,2.75,6.002
2025-12-28,Dec 2025,2025-12,2025,Q4 2025,Programmatic,Google Analytics,Competitor Search,248321,7450,20487.5,37248,447,245850.0,3.0001,82.5041,2.75,6.0
2026-02-11,Feb 2026,2026-02,2026,Q1 2026,Paid Search,Facebook Ads,Facebook Prospecting,34707,1041,2862.75,5206,62,34100.0,2.9994,82.4834,2.75,5.9558
2025-12-13,Dec 2025,2025-12,2025,Q4 2025,Programmatic,LinkedIn Ads,Demo Requests,175315,5259,14462.25,26297,316,173800.0,2.9997,82.4929,2.75,6.0087
2026-04-01,Apr 2026,2026-04,2026,Q2 2026,Programmatic,StackAdapt,Brand Search,54448,1633,4490.75,8167,98,53900.0,2.9992,82.4778,2.75,6.0012
2026-02-23,Feb 2026,2026-02,2026,Q1 2026,Paid Social,LinkedIn Ads,Organic Content,167882,5036,13849.0,25182,302,166100.0,2.9997,82.4925,2.75,5.9968
2026-02-04,Feb 2026,2026-02,2026,Q1 2026,Paid Social,StackAdapt,Google Nonbrand,205688,6171,16970.25,30853,370,203500.0,3.0002,82.5048,2.75,5.9958
2026-02-21,Feb 2026,2026-02,2026,Q1 2026,Paid Search,Amazon Ad Server,Awareness Push,8971,269,739.75,1346,16,8800.0,2.9986,82.4601,2.75,5.948
2025-12-27,Dec 2025,2025-12,2025,Q4 2025,Programmatic,StackAdapt,Demo Requests,68034,2041,5612.75,10205,122,67100.0,3.0,82.4992,2.75,5.9775
2025-12-12,Dec 2025,2025-12,2025,Q4 2025,Programmatic,Google Ads,Google Nonbrand,66379,1991,5475.25,9957,119,65450.0,2.9994,82.4847,2.75,5.9769
2026-02-03,Feb 2026,2026-02,2026,Q1 2026,Paid Search,Google Analytics,Facebook Prospecting,67585,2028,5577.0,10138,122,67100.0,3.0007,82.5183,2.75,6.0158
2026-01-25,Jan 2026,2026-01,2026,Q1 2026,Paid Search,Facebook Ads,Demo Requests,167524,5026,13821.5,25129,302,166100.0,3.0002,82.5046,2.75,6.0088
2026-02-13,Feb 2026,2026-02,2026,Q1 2026,Paid Search,LinkedIn Ads,Google Nonbrand,157699,4731,13010.25,23655,284,156200.0,3.0,82.5005,2.75,6.003
2026-03-02,Mar 2026,2026-03,2026,Q1 2026,Organic,Google Ads,Google Nonbrand,6651,200,550.0,998,12,6600.0,3.0071,82.6943,2.75,6.0
2026-03-15,Mar 2026,2026-03,2026,Q1 2026,Paid Search,Facebook Ads,Facebook Prospecting,14930,448,1232.0,2240,27,14850.0,3.0007,82.5184,2.75,6.0268
2026-04-26,Apr 2026,2026-04,2026,Q2 2026,Paid Search,LinkedIn Ads,Bing Search,192975,5789,15919.75,28946,347,190850.0,2.9999,82.4964,2.75,5.9941
2026-03-29,Mar 2026,2026-03,2026,Q1 2026,Organic,Facebook Ads,Competitor Search,93285,2799,7697.25,13993,168,92400.0,3.0005,82.5133,2.75,6.0021
2025-12-07,Dec 2025,2025-12,2025,Q4 2025,Organic,Amazon Ad Server,Awareness Push,47207,1416,3894.0,7081,85,46750.0,2.9996,82.4878,2.75,6.0028
2026-03-02,Mar 2026,2026-03,2026,Q1 2026,Organic,Amazon Ad Server,Retargeting Display,231445,6943,19093.25,34717,417,229350.0,2.9998,82.4958,2.75,6.006
2025-11-28,Nov 2025,2025-11,2025,Q4 2025,Paid Social,Bing Ads,Email Nurture,126872,3806,10466.5,19031,228,125400.0,2.9999,82.4965,2.75,5.9905
2025-12-03,Dec 2025,2025-12,2025,Q4 2025,Paid Search,HubSpot,Enterprise ABM,31509,945,2598.75,4726,57,31350.0,2.9991,82.4764,2.75,6.0317
2025-12-16,Dec 2025,2025-12,2025,Q4 2025,Paid Social,Amazon Ad Server,Organic Content,248587,7458,20509.5,37288,447,245850.0,3.0002,82.5043,2.75,5.9936
2025-11-12,Nov 2025,2025-11,2025,Q4 2025,Paid Search,StackAdapt,Google Nonbrand,19788,594,1633.5,2968,36,19800.0,3.0018,82.55,2.75,6.0606
2026-03-29,Mar 2026,2026-03,2026,Q1 2026,Programmatic,Bing Ads,Retargeting Display,187577,5627,15474.25,28137,338,185900.0,2.9998,82.4955,2.75,6.0068
2026-03-13,Mar 2026,2026-03,2026,Q1 2026,Organic,StackAdapt,Demo Requests,25149,754,2073.5,3772,45,24750.0,2.9981,82.4486,2.75,5.9682
2026-02-25,Feb 2026,2026-02,2026,Q1 2026,Organic,StackAdapt,Brand Search,238721,7162,19695.5,35808,430,236500.0,3.0002,82.5043,2.75,6.0039
2025-11-09,Nov 2025,2025-11,2025,Q4 2025,Programmatic,Bing Ads,Facebook Prospecting,205654,6170,16967.5,30848,370,203500.0,3.0002,82.5051,2.75,5.9968
2025-11-11,Nov 2025,2025-11,2025,Q4 2025,Paid Social,Google Ads,Google Nonbrand,4811,144,396.0,722,9,4950.0,2.9931,82.3114,2.75,6.25
2026-03-29,Mar 2026,2026-03,2026,Q1 2026,Paid Search,LinkedIn Ads,Competitor Search,72545,2176,5984.0,10882,131,72050.0,2.9995,82.4867,2.75,6.0202
2026-03-28,Mar 2026,2026-03,2026,Q1 2026,Organic,Facebook Ads,Demo Requests,225114,6753,18570.75,33767,405,222750.0,2.9998,82.4949,2.75,5.9973
2026-02-15,Feb 2026,2026-02,2026,Q1 2026,Programmatic,Facebook Ads,Demo Requests,240581,7217,19846.75,36087,433,238150.0,2.9998,82.4951,2.75,5.9997
2026-04-26,Apr 2026,2026-04,2026,Q2 2026,Paid Search,HubSpot,Facebook Prospecting,123406,3702,10180.5,18511,222,122100.0,2.9999,82.496,2.75,5.9968
2025-12-05,Dec 2025,2025-12,2025,Q4 2025,Paid Search,Google Ads,Enterprise ABM,213635,6409,17624.75,32045,385,211750.0,3.0,82.4994,2.75,6.0072
2026-03-07,Mar 2026,2026-03,2026,Q1 2026,Paid Social,HubSpot,Email Nurture,37202,1116,3069.0,5580,67,36850.0,2.9998,82.4956,2.75,6.0036
2025-12-19,Dec 2025,2025-12,2025,Q4 2025,Programmatic,Bing Ads,Bing Search,184022,5521,15182.75,27603,331,182050.0,3.0002,82.5051,2.75,5.9953
2025-12-28,Dec 2025,2025-12,2025,Q4 2025,Paid Search,LinkedIn Ads,Brand Search,2874,86,236.5,431,5,2750.0,2.9923,82.2895,2.75,5.814
2025-12-08,Dec 2025,2025-12,2025,Q4 2025,Programmatic,HubSpot,Bing Search,246641,7399,20347.25,36996,444,244200.0,2.9999,82.4974,2.75,6.0008
2026-03-13,Mar 2026,2026-03,2026,Q1 2026,Organic,Google Analytics,Google Nonbrand,60654,1820,5005.0,9098,109,59950.0,3.0006,82.5172,2.75,5.989
2025-11-15,Nov 2025,2025-11,2025,Q4 2025,Paid Search,Amazon Ad Server,Brand Search,12276,368,1012.0,1841,22,12100.0,2.9977,82.4373,2.75,5.9783
2026-03-03,Mar 2026,2026-03,2026,Q1 2026,Programmatic,StackAdapt,Retargeting Display,231869,6956,19129.0,34780,417,229350.0,3.0,82.4992,2.75,5.9948
2026-02-13,Feb 2026,2026-02,2026,Q1 2026,Organic,Google Analytics,Google Nonbrand,194849,5845,16073.75,29227,351,193050.0,2.9998,82.4934,2.75,6.0051
2026-03-15,Mar 2026,2026-03,2026,Q1 2026,Paid Search,Facebook Ads,Awareness Push,116399,3492,9603.0,17460,210,115500.0,3.0,82.5007,2.75,6.0137
2025-11-06,Nov 2025,2025-11,2025,Q4 2025,Organic,Google Ads,Organic Content,242945,7288,20042.0,36442,437,240350.0,2.9999,82.496,2.75,5.9962
2026-02-09,Feb 2026,2026-02,2026,Q1 2026,Paid Social,Amazon Ad Server,Bing Search,226800,6804,18711.0,34020,408,224400.0,3.0,82.5,2.75,5.9965
2025-12-18,Dec 2025,2025-12,2025,Q4 2025,Paid Search,Google Ads,Competitor Search,99233,2977,8186.75,14885,179,98450.0,3.0,82.5003,2.75,6.0128
2026-03-19,Mar 2026,2026-03,2026,Q1 2026,Programmatic,Google Analytics,Awareness Push,87104,2613,7185.75,13066,157,86350.0,2.9999,82.4962,2.75,6.0084
2025-11-28,Nov 2025,2025-11,2025,Q4 2025,Paid Search,Bing Ads,Facebook Prospecting,96952,2909,7999.75,14543,175,96250.0,3.0005,82.5125,2.75,6.0158
2026-04-22,Apr 2026,2026-04,2026,Q2 2026,Paid Social,Google Ads,Retargeting Display,217622,6529,17954.75,32643,392,215600.0,3.0002,82.5043,2.75,6.004
2026-02-21,Feb 2026,2026-02,2026,Q1 2026,Paid Search,Facebook Ads,Email Nurture,114742,3442,9465.5,17211,207,113850.0,2.9998,82.4938,2.75,6.0139
2025-10-27,Oct 2025,2025-10,2025,Q4 2025,Paid Social,Amazon Ad Server,Email Nurture,37388,1122,3085.5,5608,67,36850.0,3.001,82.5265,2.75,5.9715
2025-12-12,Dec 2025,2025-12,2025,Q4 2025,Paid Social,Google Ads,Brand Search,44913,1347,3704.25,6737,81,44550.0,2.9991,82.4761,2.75,6.0134
2025-11-04,Nov 2025,2025-11,2025,Q4 2025,Paid Social,Google Ads,Organic Content,41376,1241,3412.75,6206,74,40700.0,2.9993,82.4814,2.75,5.9629
2026-01-16,Jan 2026,2026-01,2026,Q1 2026,Programmatic,Facebook Ads,LinkedIn Lead Gen,47632,1429,3929.75,7145,86,47300.0,3.0001,82.5023,2.75,6.0182
2026-04-24,Apr 2026,2026-04,2026,Q2 2026,Programmatic,HubSpot,Retargeting Display,194125,5824,16016.0,29119,349,191950.0,3.0001,82.5035,2.75,5.9924
2026-03-19,Mar 2026,2026-03,2026,Q1 2026,Paid Search,Google Ads,Google Nonbrand,194491,5835,16046.25,29174,350,192500.0,3.0001,82.5038,2.75,5.9983
2026-02-07,Feb 2026,2026-02,2026,Q1 2026,Organic,Amazon Ad Server,Bing Search,143660,4310,11852.5,21549,259,142450.0,3.0001,82.5038,2.75,6.0093
2025-12-14,Dec 2025,2025-12,2025,Q4 2025,Programmatic,Amazon Ad Server,Email Nurture,63600,1908,5247.0,9540,114,62700.0,3.0,82.5,2.75,5.9748
2026-03-30,Mar 2026,2026-03,2026,Q1 2026,Organic,Google Ads,Google Nonbrand,161752,4853,13345.75,24263,291,160050.0,3.0003,82.5075,2.75,5.9963
2026-02-02,Feb 2026,2026-02,2026,Q1 2026,Programmatic,LinkedIn Ads,Facebook Prospecting,31583,947,2604.25,4737,57,31350.0,2.9984,82.4573,2.75,6.019
2025-11-24,Nov 2025,2025-11,2025,Q4 2025,Paid Search,Google Ads,Awareness Push,219513,6585,18108.75,32927,395,217250.0,2.9998,82.4951,2.75,5.9985
2026-01-26,Jan 2026,2026-01,2026,Q1 2026,Programmatic,Google Analytics,Google Nonbrand,10594,318,874.5,1589,19,10450.0,3.0017,82.5467,2.75,5.9748
2025-12-22,Dec 2025,2025-12,2025,Q4 2025,Paid Search,Google Ads,Email Nurture,174392,5232,14388.0,26159,314,172700.0,3.0001,82.5038,2.75,6.0015
2025-11-24,Nov 2025,2025-11,2025,Q4 2025,Programmatic,Bing Ads,Google Nonbrand,123337,3700,10175.0,18501,222,122100.0,2.9999,82.4975,2.75,6.0
2026-01-15,Jan 2026,2026-01,2026,Q1 2026,Organic,Facebook Ads,Email Nurture,46045,1381,3797.75,6907,83,45650.0,2.9992,82.4791,2.75,6.0101
2026-01-31,Jan 2026,2026-01,2026,Q1 2026,Paid Search,Amazon Ad Server,Awareness Push,34615,1038,2854.5,5192,62,34100.0,2.9987,82.4642,2.75,5.973
2026-03-13,Mar 2026,2026-03,2026,Q1 2026,Programmatic,LinkedIn Ads,Organic Content,241614,7248,19932.0,36242,435,239250.0,2.9998,82.4952,2.75,6.0017
2026-03-18,Mar 2026,2026-03,2026,Q1 2026,Programmatic,HubSpot,Brand Search,45035,1351,3715.25,6755,81,44550.0,2.9999,82.4969,2.75,5.9956
2026-03-19,Mar 2026,2026-03,2026,Q1 2026,Paid Social,LinkedIn Ads,Facebook Prospecting,73473,2204,6061.0,11021,132,72600.0,2.9997,82.4929,2.75,5.9891
2026-03-30,Mar 2026,2026-03,2026,Q1 2026,Paid Search,StackAdapt,Retargeting Display,249428,7483,20578.25,37414,449,246950.0,3.0001,82.5018,2.75,6.0003
2026-04-16,Apr 2026,2026-04,2026,Q2 2026,Paid Social,Bing Ads,Enterprise ABM,11238,337,926.75,1686,20,11000.0,2.9988,82.4657,2.75,5.9347
2026-01-21,Jan 2026,2026-01,2026,Q1 2026,Programmatic,HubSpot,Google Nonbrand,94859,2846,7826.5,14229,171,94050.0,3.0002,82.5067,2.75,6.0084
2026-02-22,Feb 2026,2026-02,2026,Q1 2026,Organic,Google Analytics,Competitor Search,131201,3936,10824.0,19680,236,129800.0,3.0,82.4994,2.75,5.9959
2026-03-07,Mar 2026,2026-03,2026,Q1 2026,Programmatic,StackAdapt,Competitor Search,79947,2398,6594.5,11992,144,79200.0,2.9995,82.4859,2.75,6.005
2026-03-30,Mar 2026,2026-03,2026,Q1 2026,Paid Social,Bing Ads,Competitor Search,114033,3421,9407.75,17105,205,112750.0,3.0,82.5002,2.75,5.9924
2026-01-09,Jan 2026,2026-01,2026,Q1 2026,Programmatic,LinkedIn Ads,Competitor Search,150884,4527,12449.25,22633,272,149600.0,3.0003,82.5087,2.75,6.0084
2025-11-13,Nov 2025,2025-11,2025,Q4 2025,Paid Search,Google Analytics,Retargeting Display,240839,7225,19868.75,36126,434,238700.0,2.9999,82.4981,2.75,6.0069
2025-12-05,Dec 2025,2025-12,2025,Q4 2025,Paid Social,Google Analytics,Google Nonbrand,2818,85,233.75,423,5,2750.0,3.0163,82.9489,2.75,5.8824
2025-11-21,Nov 2025,2025-11,2025,Q4 2025,Paid Search,Bing Ads,LinkedIn Lead Gen,45569,1367,3759.25,6835,82,45100.0,2.9998,82.4958,2.75,5.9985
2026-04-24,Apr 2026,2026-04,2026,Q2 2026,Paid Social,Amazon Ad Server,Bing Search,127541,3826,10521.5,19131,230,126500.0,2.9998,82.495,2.75,6.0115
2026-01-05,Jan 2026,2026-01,2026,Q1 2026,Programmatic,Google Ads,LinkedIn Lead Gen,15222,457,1256.75,2283,27,14850.0,3.0022,82.5614,2.75,5.9081
2026-01-17,Jan 2026,2026-01,2026,Q1 2026,Organic,StackAdapt,Awareness Push,30007,900,2475.0,4501,54,29700.0,2.9993,82.4808,2.75,6.0
2026-02-02,Feb 2026,2026-02,2026,Q1 2026,Paid Search,HubSpot,Organic Content,42458,1274,3503.5,6369,76,41800.0,3.0006,82.5168,2.75,5.9655
2026-01-15,Jan 2026,2026-01,2026,Q1 2026,Organic,HubSpot,Demo Requests,25719,772,2123.0,3858,46,25300.0,3.0017,82.546,2.75,5.9585
2026-03-26,Mar 2026,2026-03,2026,Q1 2026,Programmatic,Google Ads,Demo Requests,160761,4823,13263.25,24114,289,158950.0,3.0001,82.5029,2.75,5.9921
2026-01-25,Jan 2026,2026-01,2026,Q1 2026,Paid Search,Google Analytics,Google Nonbrand,222759,6683,18378.25,33414,401,220550.0,3.0001,82.5028,2.75,6.0003
2026-02-22,Feb 2026,2026-02,2026,Q1 2026,Paid Search,LinkedIn Ads,Organic Content,25800,774,2128.5,3870,46,25300.0,3.0,82.5,2.75,5.9432
2026-03-21,Mar 2026,2026-03,2026,Q1 2026,Paid Social,Google Ads,Facebook Prospecting,136285,4089,11244.75,20443,245,134750.0,3.0003,82.5091,2.75,5.9917
2026-04-22,Apr 2026,2026-04,2026,Q2 2026,Programmatic,StackAdapt,Facebook Prospecting,79362,2381,6547.75,11904,143,78650.0,3.0002,82.5049,2.75,6.0059
2026-04-14,Apr 2026,2026-04,2026,Q2 2026,Paid Social,Amazon Ad Server,Competitor Search,233048,6991,19225.25,34957,419,230450.0,2.9998,82.4948,2.75,5.9934
2025-12-20,Dec 2025,2025-12,2025,Q4 2025,Paid Search,HubSpot,Email Nurture,235632,7069,19439.75,35345,424,233200.0,3.0,82.5005,2.75,5.998
2026-04-05,Apr 2026,2026-04,2026,Q2 2026,Paid Search,HubSpot,LinkedIn Lead Gen,216652,6500,17875.0,32498,390,214500.0,3.0002,82.5056,2.75,6.0
2026-03-17,Mar 2026,2026-03,2026,Q1 2026,Organic,Amazon Ad Server,Brand Search,48605,1458,4009.5,7291,87,47850.0,2.9997,82.4915,2.75,5.9671
2025-11-15,Nov 2025,2025-11,2025,Q4 2025,Paid Search,Facebook Ads,Facebook Prospecting,70739,2122,5835.5,10611,127,69850.0,2.9998,82.4934,2.75,5.9849
2025-11-25,Nov 2025,2025-11,2025,Q4 2025,Programmatic,Google Ads,Email Nurture,11735,352,968.0,1760,21,11550.0,2.9996,82.4883,2.75,5.9659
2026-02-18,Feb 2026,2026-02,2026,Q1 2026,Programmatic,StackAdapt,Brand Search,71801,2154,5923.5,10770,129,70950.0,3.0,82.4989,2.75,5.9889
2026-03-16,Mar 2026,2026-03,2026,Q1 2026,Paid Social,Amazon Ad Server,Enterprise ABM,5364,161,442.75,805,10,5500.0,3.0015,82.541,2.75,6.2112
2026-04-16,Apr 2026,2026-04,2026,Q2 2026,Programmatic,LinkedIn Ads,Bing Search,6322,190,522.5,948,11,6050.0,3.0054,82.6479,2.75,5.7895
2026-02-09,Feb 2026,2026-02,2026,Q1 2026,Programmatic,HubSpot,Brand Search,177274,5318,14624.5,26591,319,175450.0,2.9999,82.4966,2.75,5.9985
2025-12-05,Dec 2025,2025-12,2025,Q4 2025,Programmatic,HubSpot,Facebook Prospecting,31907,957,2631.75,4786,57,31350.0,2.9993,82.4819,2.75,5.9561
2026-02-14,Feb 2026,2026-02,2026,Q1 2026,Paid Social,StackAdapt,Google Nonbrand,166834,5005,13763.75,25025,300,165000.0,3.0,82.4997,2.75,5.994
2026-01-28,Jan 2026,2026-01,2026,Q1 2026,Paid Search,Bing Ads,Organic Content,209604,6288,17292.0,31441,377,207350.0,2.9999,82.4984,2.75,5.9955
2025-11-12,Nov 2025,2025-11,2025,Q4 2025,Paid Search,HubSpot,Google Nonbrand,41219,1237,3401.75,6183,74,40700.0,3.001,82.5287,2.75,5.9822
2026-01-06,Jan 2026,2026-01,2026,Q1 2026,Organic,Bing Ads,Demo Requests,150831,4525,12443.75,22625,272,149600.0,3.0,82.5013,2.75,6.011
2025-12-10,Dec 2025,2025-12,2025,Q4 2025,Programmatic,LinkedIn Ads,Bing Search,135147,4054,11148.5,20272,243,133650.0,2.9997,82.4917,2.75,5.9941
2025-12-19,Dec 2025,2025-12,2025,Q4 2025,Paid Social,HubSpot,Bing Search,53871,1616,4444.0,8081,97,53350.0,2.9998,82.4934,2.75,6.0025
2026-02-28,Feb 2026,2026-02,2026,Q1 2026,Programmatic,LinkedIn Ads,Bing Search,1076,32,88.0,161,2,1100.0,2.974,81.7844,2.75,6.25
2026-03-13,Mar 2026,2026-03,2026,Q1 2026,Organic,Facebook Ads,Demo Requests,112158,3365,9253.75,16824,202,111100.0,3.0002,82.5064,2.75,6.003
2026-03-17,Mar 2026,2026-03,2026,Q1 2026,Paid Social,Facebook Ads,Email Nurture,226753,6803,18708.25,34013,408,224400.0,3.0002,82.505,2.75,5.9974
2026-01-29,Jan 2026,2026-01,2026,Q1 2026,Programmatic,Amazon Ad Server,Brand Search,231240,6937,19076.75,34686,416,228800.0,2.9999,82.4976,2.75,5.9968
2025-11-04,Nov 2025,2025-11,2025,Q4 2025,Paid Search,Facebook Ads,Google Nonbrand,229939,6898,18969.5,34491,414,227700.0,2.9999,82.498,2.75,6.0017
2026-04-24,Apr 2026,2026-04,2026,Q2 2026,Paid Search,Google Analytics,Competitor Search,207192,6216,17094.0,31079,373,205150.0,3.0001,82.5032,2.75,6.0006
2026-02-13,Feb 2026,2026-02,2026,Q1 2026,Paid Search,LinkedIn Ads,Email Nurture,122266,3668,10087.0,18340,220,121000.0,3.0,82.5004,2.75,5.9978
2025-11-18,Nov 2025,2025-11,2025,Q4 2025,Organic,HubSpot,Email Nurture,9722,292,803.0,1458,18,9900.0,3.0035,82.5962,2.75,6.1644
2026-02-08,Feb 2026,2026-02,2026,Q1 2026,Programmatic,Bing Ads,Retargeting Display,121260,3638,10004.5,18189,218,119900.0,3.0002,82.5045,2.75,5.9923
2025-12-28,Dec 2025,2025-12,2025,Q4 2025,Paid Social,Amazon Ad Server,Demo Requests,32786,984,2706.0,4918,59,32450.0,3.0013,82.5352,2.75,5.9959
2026-01-24,Jan 2026,2026-01,2026,Q1 2026,Organic,HubSpot,Bing Search,116040,3481,9572.75,17406,209,114950.0,2.9998,82.4953,2.75,6.004
2026-03-05,Mar 2026,2026-03,2026,Q1 2026,Paid Search,Google Ads,Enterprise ABM,224113,6723,18488.25,33617,403,221650.0,2.9998,82.4952,2.75,5.9943
2026-01-12,Jan 2026,2026-01,2026,Q1 2026,Organic,Facebook Ads,Awareness Push,184328,5530,15207.5,27649,332,182600.0,3.0001,82.5024,2.75,6.0036
2026-01-01,Jan 2026,2026-01,2026,Q1 2026,Paid Search,Google Analytics,Retargeting Display,21594,648,1782.0,3239,39,21450.0,3.0008,82.5229,2.75,6.0185
2025-10-29,Oct 2025,2025-10,2025,Q4 2025,Paid Search,HubSpot,Organic Content,95231,2857,7856.75,14285,171,94050.0,3.0001,82.502,2.75,5.9853
2025-11-16,Nov 2025,2025-11,2025,Q4 2025,Paid Search,Amazon Ad Server,Google Nonbrand,108165,3245,8923.75,16225,195,107250.0,3.0,82.5013,2.75,6.0092
2025-11-20,Nov 2025,2025-11,2025,Q4 2025,Programmatic,Facebook Ads,Competitor Search,147650,4430,12182.5,22148,266,146300.0,3.0003,82.5093,2.75,6.0045
2025-12-09,Dec 2025,2025-12,2025,Q4 2025,Programmatic,Facebook Ads,Enterprise ABM,221349,6640,18260.0,33202,398,218900.0,2.9998,82.4942,2.75,5.994
2026-03-02,Mar 2026,2026-03,2026,Q1 2026,Organic,Amazon Ad Server,Bing Search,229792,6894,18958.5,34469,414,227700.0,3.0001,82.5029,2.75,6.0052
2026-03-20,Mar 2026,2026-03,2026,Q1 2026,Paid Search,Amazon Ad Server,Enterprise ABM,109419,3283,9028.25,16413,197,108350.0,3.0004,82.5108,2.75,6.0006
2026-03-11,Mar 2026,2026-03,2026,Q1 2026,Paid Social,Bing Ads,Demo Requests,69550,2087,5739.25,10433,125,68750.0,3.0007,82.5198,2.75,5.9895
2025-12-19,Dec 2025,2025-12,2025,Q4 2025,Programmatic,LinkedIn Ads,Google Nonbrand,232672,6980,19195.0,34901,419,230450.0,2.9999,82.4981,2.75,6.0029
2025-11-05,Nov 2025,2025-11,2025,Q4 2025,Paid Social,LinkedIn Ads,Bing Search,118481,3554,9773.5,17772,213,117150.0,2.9996,82.49,2.75,5.9932
2026-02-06,Feb 2026,2026-02,2026,Q1 2026,Programmatic,Google Analytics,Retargeting Display,35818,1075,2956.25,5373,65,35750.0,3.0013,82.5353,2.75,6.0465
2026-03-20,Mar 2026,2026-03,2026,Q1 2026,Organic,Bing Ads,Bing Search,132901,3987,10964.25,19935,239,131450.0,3.0,82.4994,2.75,5.9945
2026-01-25,Jan 2026,2026-01,2026,Q1 2026,Programmatic,StackAdapt,Google Nonbrand,182808,5484,15081.0,27421,329,180950.0,2.9999,82.4964,2.75,5.9993
2026-03-10,Mar 2026,2026-03,2026,Q1 2026,Paid Search,StackAdapt,Brand Search,105673,3170,8717.5,15851,190,104500.0,2.9998,82.4951,2.75,5.9937
2026-01-07,Jan 2026,2026-01,2026,Q1 2026,Organic,Google Analytics,Awareness Push,63469,1904,5236.0,9520,114,62700.0,2.9999,82.497,2.75,5.9874
2026-03-03,Mar 2026,2026-03,2026,Q1 2026,Paid Search,Google Analytics,Brand Search,66701,2001,5502.75,10005,120,66000.0,3.0,82.4988,2.75,5.997
2025-11-11,Nov 2025,2025-11,2025,Q4 2025,Organic,Bing Ads,Facebook Prospecting,56509,1695,4661.25,8476,102,56100.0,2.9995,82.4869,2.75,6.0177
2026-04-16,Apr 2026,2026-04,2026,Q2 2026,Programmatic,HubSpot,Competitor Search,100221,3007,8269.25,15033,180,99000.0,3.0004,82.5102,2.75,5.986
2025-11-25,Nov 2025,2025-11,2025,Q4 2025,Programmatic,Google Ads,Facebook Prospecting,19511,585,1608.75,2927,35,19250.0,2.9983,82.4535,2.75,5.9829
2026-04-25,Apr 2026,2026-04,2026,Q2 2026,Paid Social,HubSpot,Organic Content,45800,1374,3778.5,6870,82,45100.0,3.0,82.5,2.75,5.968
2025-12-21,Dec 2025,2025-12,2025,Q4 2025,Paid Social,LinkedIn Ads,Brand Search,49924,1498,4119.5,7489,90,49500.0,3.0006,82.5154,2.75,6.008
2026-02-04,Feb 2026,2026-02,2026,Q1 2026,Organic,Bing Ads,Retargeting Display,235278,7058,19409.5,35292,423,232650.0,2.9999,82.496,2.75,5.9932
2026-04-02,Apr 2026,2026-04,2026,Q2 2026,Paid Search,LinkedIn Ads,Brand Search,89846,2695,7411.25,13477,162,89100.0,2.9996,82.4884,2.75,6.0111
2026-01-30,Jan 2026,2026-01,2026,Q1 2026,Programmatic,LinkedIn Ads,Competitor Search,47243,1417,3896.75,7086,85,46750.0,2.9994,82.4831,2.75,5.9986
2026-01-31,Jan 2026,2026-01,2026,Q1 2026,Programmatic,Amazon Ad Server,Bing Search,130107,3903,10733.25,19516,234,128700.0,2.9998,82.4956,2.75,5.9954
2026-02-10,Feb 2026,2026-02,2026,Q1 2026,Organic,LinkedIn Ads,Demo Requests,97598,2928,8052.0,14640,176,96800.0,3.0001,82.5017,2.75,6.0109
2026-01-02,Jan 2026,2026-01,2026,Q1 2026,Organic,LinkedIn Ads,Google Nonbrand,59540,1786,4911.5,8931,107,58850.0,2.9997,82.4908,2.75,5.991
2025-10-30,Oct 2025,2025-10,2025,Q4 2025,Paid Search,StackAdapt,Email Nurture,119536,3586,9861.5,17930,215,118250.0,2.9999,82.4982,2.75,5.9955
2025-12-21,Dec 2025,2025-12,2025,Q4 2025,Organic,Google Ads,Brand Search,237155,7115,19566.25,35573,427,234850.0,3.0001,82.5041,2.75,6.0014
2026-01-23,Jan 2026,2026-01,2026,Q1 2026,Programmatic,HubSpot,Enterprise ABM,106440,3193,8780.75,15966,192,105600.0,2.9998,82.4948,2.75,6.0132
2026-04-08,Apr 2026,2026-04,2026,Q2 2026,Organic,StackAdapt,Email Nurture,168340,5050,13887.5,25251,303,166650.0,2.9999,82.4967,2.75,6.0
2025-12-07,Dec 2025,2025-12,2025,Q4 2025,Paid Search,LinkedIn Ads,Demo Requests,69989,2100,5775.0,10498,126,69300.0,3.0005,82.513,2.75,6.0
2025-11-19,Nov 2025,2025-11,2025,Q4 2025,Organic,Facebook Ads,Brand Search,186961,5609,15424.75,28044,337,185350.0,3.0001,82.5025,2.75,6.0082
2026-03-20,Mar 2026,2026-03,2026,Q1 2026,Organic,Facebook Ads,Organic Content,234341,7030,19332.5,35151,422,232100.0,2.9999,82.4973,2.75,6.0028
2026-03-20,Mar 2026,2026-03,2026,Q1 2026,Programmatic,Amazon Ad Server,Brand Search,240381,7211,19830.25,36057,433,238150.0,2.9998,82.4951,2.75,6.0047
2026-01-25,Jan 2026,2026-01,2026,Q1 2026,Paid Search,HubSpot,Brand Search,106656,3200,8800.0,15998,192,105600.0,3.0003,82.5083,2.75,6.0
2026-01-03,Jan 2026,2026-01,2026,Q1 2026,Programmatic,StackAdapt,Competitor Search,249748,7492,20603.0,37462,450,247500.0,2.9998,82.4952,2.75,6.0064
2026-02-22,Feb 2026,2026-02,2026,Q1 2026,Programmatic,Google Analytics,Google Nonbrand,65893,1977,5436.75,9884,119,65450.0,3.0003,82.5088,2.75,6.0192
2025-12-29,Dec 2025,2025-12,2025,Q4 2025,Organic,Bing Ads,Retargeting Display,247134,7414,20388.5,37070,445,244750.0,3.0,82.4998,2.75,6.0022
2026-03-10,Mar 2026,2026-03,2026,Q1 2026,Paid Social,Amazon Ad Server,Retargeting Display,179518,5386,14811.5,26928,323,177650.0,3.0003,82.507,2.75,5.997
2026-02-19,Feb 2026,2026-02,2026,Q1 2026,Organic,Bing Ads,Enterprise ABM,100807,3024,8316.0,15121,181,99550.0,2.9998,82.4943,2.75,5.9854
2026-01-24,Jan 2026,2026-01,2026,Q1 2026,Organic,Facebook Ads,Email Nurture,37858,1136,3124.0,5679,68,37400.0,3.0007,82.5189,2.75,5.9859
2025-12-29,Dec 2025,2025-12,2025,Q4 2025,Paid Social,StackAdapt,Competitor Search,89485,2685,7383.75,13423,161,88550.0,3.0005,82.5138,2.75,5.9963
2026-03-20,Mar 2026,2026-03,2026,Q1 2026,Paid Search,Google Analytics,Competitor Search,86476,2594,7133.5,12971,156,85800.0,2.9997,82.4911,2.75,6.0139
2026-04-06,Apr 2026,2026-04,2026,Q2 2026,Programmatic,Google Analytics,Awareness Push,145665,4370,12017.5,21850,262,144100.0,3.0,82.5009,2.75,5.9954
2026-02-04,Feb 2026,2026-02,2026,Q1 2026,Paid Social,LinkedIn Ads,Retargeting Display,60588,1818,4999.5,9088,109,59950.0,3.0006,82.5163,2.75,5.9956
2025-12-30,Dec 2025,2025-12,2025,Q4 2025,Organic,Google Analytics,Competitor Search,20092,603,1658.25,3014,36,19800.0,3.0012,82.5328,2.75,5.9701
2025-11-05,Nov 2025,2025-11,2025,Q4 2025,Paid Social,Facebook Ads,Bing Search,244695,7341,20187.75,36704,440,242000.0,3.0001,82.5017,2.75,5.9937
2026-04-18,Apr 2026,2026-04,2026,Q2 2026,Paid Search,Google Ads,Awareness Push,3466,104,286.0,520,6,3300.0,3.0006,82.5159,2.75,5.7692
2025-12-26,Dec 2025,2025-12,2025,Q4 2025,Organic,StackAdapt,Bing Search,51072,1532,4213.0,7661,92,50600.0,2.9997,82.4914,2.75,6.0052
2025-12-04,Dec 2025,2025-12,2025,Q4 2025,Paid Social,Google Ads,LinkedIn Lead Gen,182520,5476,15059.0,27378,329,180950.0,3.0002,82.506,2.75,6.008
2025-11-10,Nov 2025,2025-11,2025,Q4 2025,Paid Search,HubSpot,Brand Search,53725,1612,4433.0,8059,97,53350.0,3.0005,82.5128,2.75,6.0174
2026-03-28,Mar 2026,2026-03,2026,Q1 2026,Paid Social,Facebook Ads,Email Nurture,124804,3744,10296.0,18721,225,123750.0,2.9999,82.4974,2.75,6.0096
2026-04-22,Apr 2026,2026-04,2026,Q2 2026,Paid Search,Facebook Ads,Awareness Push,190021,5701,15677.75,28503,342,188100.0,3.0002,82.5054,2.75,5.9989
2025-11-02,Nov 2025,2025-11,2025,Q4 2025,Organic,Facebook Ads,Retargeting Display,56372,1691,4650.25,8456,101,55550.0,2.9997,82.4922,2.75,5.9728
2026-02-16,Feb 2026,2026-02,2026,Q1 2026,Paid Search,LinkedIn Ads,LinkedIn Lead Gen,230676,6920,19030.0,34601,415,228250.0,2.9999,82.4967,2.75,5.9971
2025-11-08,Nov 2025,2025-11,2025,Q4 2025,Paid Social,Google Ads,Organic Content,142346,4270,11742.5,21352,256,140800.0,2.9997,82.4927,2.75,5.9953
2026-04-24,Apr 2026,2026-04,2026,Q2 2026,Paid Search,LinkedIn Ads,Bing Search,168873,5066,13931.5,25331,304,167200.0,2.9999,82.4969,2.75,6.0008
2025-11-15,Nov 2025,2025-11,2025,Q4 2025,Paid Search,Facebook Ads,Organic Content,217773,6533,17965.75,32666,392,215600.0,2.9999,82.4976,2.75,6.0003
2026-01-23,Jan 2026,2026-01,2026,Q1 2026,Paid Search,Google Ads,Brand Search,216403,6492,17853.0,32460,390,214500.0,3.0,82.4989,2.75,6.0074
2026-03-27,Mar 2026,2026-03,2026,Q1 2026,Organic,Google Ads,Email Nurture,176424,5293,14555.75,26464,318,174900.0,3.0002,82.5044,2.75,6.0079
2026-04-16,Apr 2026,2026-04,2026,Q2 2026,Paid Search,Facebook Ads,Retargeting Display,62489,1875,5156.25,9373,113,62150.0,3.0005,82.5145,2.75,6.0267
2026-01-10,Jan 2026,2026-01,2026,Q1 2026,Organic,HubSpot,Demo Requests,50448,1513,4160.75,7567,91,50050.0,2.9991,82.476,2.75,6.0145
2026-01-29,Jan 2026,2026-01,2026,Q1 2026,Paid Search,Google Ads,Enterprise ABM,24539,736,2024.0,3681,44,24200.0,2.9993,82.4809,2.75,5.9783
2025-12-20,Dec 2025,2025-12,2025,Q4 2025,Programmatic,Google Analytics,Retargeting Display,166678,5000,13750.0,25002,300,165000.0,2.9998,82.4944,2.75,6.0
2026-02-19,Feb 2026,2026-02,2026,Q1 2026,Paid Social,Amazon Ad Server,Retargeting Display,163735,4912,13508.0,24560,295,162250.0,3.0,82.4992,2.75,6.0057
2025-11-17,Nov 2025,2025-11,2025,Q4 2025,Paid Search,LinkedIn Ads,Demo Requests,125594,3768,10362.0,18839,226,124300.0,3.0001,82.5039,2.75,5.9979
2025-11-06,Nov 2025,2025-11,2025,Q4 2025,Paid Social,LinkedIn Ads,Enterprise ABM,111195,3336,9174.0,16679,200,110000.0,3.0001,82.5037,2.75,5.9952
2026-03-07,Mar 2026,2026-03,2026,Q1 2026,Programmatic,Google Analytics,Bing Search,52268,1568,4312.0,7840,94,51700.0,2.9999,82.4979,2.75,5.9949
2026-01-16,Jan 2026,2026-01,2026,Q1 2026,Programmatic,HubSpot,Google Nonbrand,208500,6255,17201.25,31275,375,206250.0,3.0,82.5,2.75,5.9952
2026-03-22,Mar 2026,2026-03,2026,Q1 2026,Programmatic,Bing Ads,Facebook Prospecting,228993,6870,18892.5,34349,412,226600.0,3.0001,82.5025,2.75,5.9971
2026-03-31,Mar 2026,2026-03,2026,Q1 2026,Programmatic,Facebook Ads,Google Nonbrand,48692,1461,4017.75,7304,88,48400.0,3.0005,82.5136,2.75,6.0233
2026-01-22,Jan 2026,2026-01,2026,Q1 2026,Paid Social,Bing Ads,Demo Requests,214643,6439,17707.25,32196,386,212300.0,2.9999,82.4963,2.75,5.9947
2026-01-20,Jan 2026,2026-01,2026,Q1 2026,Paid Social,StackAdapt,Facebook Prospecting,114383,3431,9435.25,17157,206,113300.0,2.9996,82.4882,2.75,6.0041
2026-02-04,Feb 2026,2026-02,2026,Q1 2026,Paid Social,Google Ads,Awareness Push,108553,3257,8956.75,16283,195,107250.0,3.0004,82.5104,2.75,5.9871
2026-01-14,Jan 2026,2026-01,2026,Q1 2026,Paid Social,Facebook Ads,Demo Requests,168164,5045,13873.75,25225,303,166650.0,3.0,82.5013,2.75,6.0059
2026-02-06,Feb 2026,2026-02,2026,Q1 2026,Paid Search,Google Ads,Brand Search,119160,3575,9831.25,17874,215,118250.0,3.0002,82.5046,2.75,6.014
2026-01-14,Jan 2026,2026-01,2026,Q1 2026,Programmatic,Google Ads,Demo Requests,153547,4606,12666.5,23032,276,151800.0,2.9997,82.4927,2.75,5.9922
2026-01-09,Jan 2026,2026-01,2026,Q1 2026,Paid Social,HubSpot,Retargeting Display,130258,3908,10747.0,19539,234,128700.0,3.0002,82.5055,2.75,5.9877
2025-10-31,Oct 2025,2025-10,2025,Q4 2025,Paid Search,Facebook Ads,Demo Requests,98605,2958,8134.5,14791,177,97350.0,2.9998,82.4958,2.75,5.9838
2026-03-21,Mar 2026,2026-03,2026,Q1 2026,Programmatic,Facebook Ads,Demo Requests,150990,4530,12457.5,22649,272,149600.0,3.0002,82.5055,2.75,6.0044
2026-02-22,Feb 2026,2026-02,2026,Q1 2026,Organic,Google Ads,Demo Requests,181252,5438,14954.5,27188,326,179300.0,3.0002,82.5067,2.75,5.9949
2026-01-07,Jan 2026,2026-01,2026,Q1 2026,Programmatic,HubSpot,Awareness Push,25818,775,2131.25,3873,47,25850.0,3.0018,82.549,2.75,6.0645
2025-11-19,Nov 2025,2025-11,2025,Q4 2025,Programmatic,Google Analytics,Bing Search,19725,592,1628.0,2959,36,19800.0,3.0013,82.5349,2.75,6.0811
2025-12-15,Dec 2025,2025-12,2025,Q4 2025,Programmatic,HubSpot,Organic Content,212176,6365,17503.75,31826,382,210100.0,2.9999,82.4964,2.75,6.0016
2025-12-27,Dec 2025,2025-12,2025,Q4 2025,Organic,HubSpot,Organic Content,234756,7043,19368.25,35213,423,232650.0,3.0001,82.5037,2.75,6.006
2026-01-13,Jan 2026,2026-01,2026,Q1 2026,Organic,Bing Ads,Facebook Prospecting,240678,7220,19855.0,36102,433,238150.0,2.9999,82.4961,2.75,5.9972
2026-04-19,Apr 2026,2026-04,2026,Q2 2026,Programmatic,Bing Ads,Enterprise ABM,192879,5786,15911.5,28932,347,190850.0,2.9998,82.4947,2.75,5.9972
2026-03-24,Mar 2026,2026-03,2026,Q1 2026,Paid Social,StackAdapt,Bing Search,95066,2852,7843.0,14260,171,94050.0,3.0,82.5006,2.75,5.9958
2025-11-08,Nov 2025,2025-11,2025,Q4 2025,Paid Social,LinkedIn Ads,Brand Search,238541,7156,19679.0,35781,429,235950.0,2.9999,82.4973,2.75,5.995
2025-12-01,Dec 2025,2025-12,2025,Q4 2025,Paid Social,Amazon Ad Server,Demo Requests,187281,5618,15449.5,28092,337,185350.0,2.9998,82.4937,2.75,5.9986
2026-03-13,Mar 2026,2026-03,2026,Q1 2026,Paid Social,Bing Ads,Awareness Push,135550,4067,11184.25,20333,244,134200.0,3.0004,82.5101,2.75,5.9995
2025-12-18,Dec 2025,2025-12,2025,Q4 2025,Paid Search,Facebook Ads,Bing Search,78125,2344,6446.0,11719,141,77550.0,3.0003,82.5088,2.75,6.0154
2025-11-03,Nov 2025,2025-11,2025,Q4 2025,Paid Social,StackAdapt,Facebook Prospecting,45864,1376,3784.0,6880,83,45650.0,3.0002,82.5048,2.75,6.032
2026-04-04,Apr 2026,2026-04,2026,Q2 2026,Paid Search,Facebook Ads,Awareness Push,47876,1436,3949.0,7181,86,47300.0,2.9994,82.4839,2.75,5.9889
2026-01-06,Jan 2026,2026-01,2026,Q1 2026,Programmatic,LinkedIn Ads,Facebook Prospecting,78899,2367,6509.25,11835,142,78100.0,3.0,82.501,2.75,5.9992
2025-12-02,Dec 2025,2025-12,2025,Q4 2025,Paid Search,Google Ads,LinkedIn Lead Gen,44408,1332,3663.0,6661,80,44000.0,2.9995,82.4851,2.75,6.006
2026-01-26,Jan 2026,2026-01,2026,Q1 2026,Paid Social,HubSpot,Google Nonbrand,167159,5015,13791.25,25074,301,165550.0,3.0001,82.5038,2.75,6.002
2025-11-29,Nov 2025,2025-11,2025,Q4 2025,Paid Search,StackAdapt,Brand Search,145368,4361,11992.75,21805,262,144100.0,3.0,82.4992,2.75,6.0078
2026-01-06,Jan 2026,2026-01,2026,Q1 2026,Paid Search,Google Ads,Awareness Push,165915,4977,13686.75,24887,299,164450.0,2.9997,82.4925,2.75,6.0076
2026-02-17,Feb 2026,2026-02,2026,Q1 2026,Organic,Bing Ads,Enterprise ABM,6132,184,506.0,920,11,6050.0,3.0007,82.5179,2.75,5.9783
2026-02-10,Feb 2026,2026-02,2026,Q1 2026,Paid Social,LinkedIn Ads,Brand Search,42790,1284,3531.0,6419,77,42350.0,3.0007,82.5193,2.75,5.9969
2026-03-19,Mar 2026,2026-03,2026,Q1 2026,Programmatic,Bing Ads,Bing Search,23668,710,1952.5,3550,43,23650.0,2.9998,82.4954,2.75,6.0563
2026-01-09,Jan 2026,2026-01,2026,Q1 2026,Programmatic,HubSpot,LinkedIn Lead Gen,51538,1546,4251.5,7731,93,51150.0,2.9997,82.4925,2.75,6.0155
2026-01-02,Jan 2026,2026-01,2026,Q1 2026,Paid Search,HubSpot,Competitor Search,51055,1532,4213.0,7658,92,50600.0,3.0007,82.5189,2.75,6.0052
2025-12-08,Dec 2025,2025-12,2025,Q4 2025,Paid Search,Google Ads,Facebook Prospecting,106667,3200,8800.0,16000,192,105600.0,3.0,82.4997,2.75,6.0
2026-03-12,Mar 2026,2026-03,2026,Q1 2026,Programmatic,Google Ads,Email Nurture,64774,1943,5343.25,9716,117,64350.0,2.9997,82.4907,2.75,6.0216
2026-04-18,Apr 2026,2026-04,2026,Q2 2026,Programmatic,HubSpot,Bing Search,163255,4898,13469.5,24488,294,161700.0,3.0002,82.5059,2.75,6.0024
2025-11-21,Nov 2025,2025-11,2025,Q4 2025,Organic,HubSpot,Enterprise ABM,32924,988,2717.0,4939,59,32450.0,3.0009,82.5234,2.75,5.9717
2026-03-16,Mar 2026,2026-03,2026,Q1 2026,Paid Social,LinkedIn Ads,Competitor Search,101242,3037,8351.75,15186,182,100100.0,2.9997,82.4929,2.75,5.9928
2026-02-03,Feb 2026,2026-02,2026,Q1 2026,Paid Search,Google Ads,Brand Search,98773,2963,8148.25,14816,178,97900.0,2.9998,82.4947,2.75,6.0074
2026-03-20,Mar 2026,2026-03,2026,Q1 2026,Organic,LinkedIn Ads,Email Nurture,62154,1865,5128.75,9323,112,61600.0,3.0006,82.5168,2.75,6.0054
2026-02-25,Feb 2026,2026-02,2026,Q1 2026,Paid Search,LinkedIn Ads,Awareness Push,167845,5035,13846.25,25177,302,166100.0,2.9998,82.4943,2.75,5.998
2025-11-30,Nov 2025,2025-11,2025,Q4 2025,Paid Social,Facebook Ads,Demo Requests,245073,7352,20218.0,36761,441,242550.0,2.9999,82.4979,2.75,5.9984
2026-04-18,Apr 2026,2026-04,2026,Q2 2026,Paid Search,Google Ads,Google Nonbrand,116589,3498,9619.5,17488,210,115500.0,3.0003,82.5078,2.75,6.0034
2026-04-25,Apr 2026,2026-04,2026,Q2 2026,Programmatic,LinkedIn Ads,Google Nonbrand,6747,202,555.5,1012,12,6600.0,2.9939,82.3329,2.75,5.9406
2025-11-26,Nov 2025,2025-11,2025,Q4 2025,Paid Social,LinkedIn Ads,Brand Search,71283,2138,5879.5,10692,128,70400.0,2.9993,82.4811,2.75,5.9869
2026-02-18,Feb 2026,2026-02,2026,Q1 2026,Programmatic,HubSpot,Brand Search,198238,5947,16354.25,29736,357,196350.0,2.9999,82.4981,2.75,6.003
2026-04-15,Apr 2026,2026-04,2026,Q2 2026,Paid Search,LinkedIn Ads,Demo Requests,57699,1731,4760.25,8655,104,57200.0,3.0001,82.5014,2.75,6.0081
2025-11-18,Nov 2025,2025-11,2025,Q4 2025,Paid Search,Amazon Ad Server,Email Nurture,185676,5570,15317.5,27851,334,183700.0,2.9998,82.4959,2.75,5.9964
2025-12-27,Dec 2025,2025-12,2025,Q4 2025,Paid Social,Amazon Ad Server,Email Nurture,43089,1293,3555.75,6463,78,42900.0,3.0008,82.5211,2.75,6.0325
2026-03-04,Mar 2026,2026-03,2026,Q1 2026,Paid Social,StackAdapt,Brand Search,101234,3037,8351.75,15185,182,100100.0,3.0,82.4995,2.75,5.9928
2026-02-14,Feb 2026,2026-02,2026,Q1 2026,Programmatic,Bing Ads,LinkedIn Lead Gen,37002,1110,3052.5,5550,67,36850.0,2.9998,82.4955,2.75,6.036
2026-01-08,Jan 2026,2026-01,2026,Q1 2026,Paid Search,LinkedIn Ads,Google Nonbrand,66923,2008,5522.0,10038,120,66000.0,3.0005,82.5127,2.75,5.9761
2026-01-16,Jan 2026,2026-01,2026,Q1 2026,Paid Social,Google Analytics,Awareness Push,223390,6702,18430.5,33509,402,221100.0,3.0001,82.5037,2.75,5.9982
2026-02-17,Feb 2026,2026-02,2026,Q1 2026,Organic,StackAdapt,Facebook Prospecting,226188,6786,18661.5,33928,407,223850.0,3.0002,82.5044,2.75,5.9976
2026-01-05,Jan 2026,2026-01,2026,Q1 2026,Paid Search,Facebook Ads,Demo Requests,225164,6755,18576.25,33775,405,222750.0,3.0,82.501,2.75,5.9956
2025-11-04,Nov 2025,2025-11,2025,Q4 2025,Programmatic,StackAdapt,Awareness Push,42566,1277,3511.75,6385,77,42350.0,3.0,82.5013,2.75,6.0298
2025-12-11,Dec 2025,2025-12,2025,Q4 2025,Organic,Google Ads,Awareness Push,36476,1094,3008.5,5471,66,36300.0,2.9992,82.4789,2.75,6.0329
2025-12-04,Dec 2025,2025-12,2025,Q4 2025,Programmatic,LinkedIn Ads,Retargeting Display,39035,1171,3220.25,5855,70,38500.0,2.9999,82.4965,2.75,5.9778
2026-03-19,Mar 2026,2026-03,2026,Q1 2026,Organic,LinkedIn Ads,Bing Search,121096,3633,9990.75,18164,218,119900.0,3.0001,82.5027,2.75,6.0006
2025-12-01,Dec 2025,2025-12,2025,Q4 2025,Programmatic,Google Analytics,Organic Content,155239,4657,12806.75,23286,279,153450.0,2.9999,82.497,2.75,5.991
2026-02-25,Feb 2026,2026-02,2026,Q1 2026,Programmatic,Google Ads,Facebook Prospecting,129979,3899,10722.25,19497,234,128700.0,2.9997,82.4922,2.75,6.0015
2025-11-06,Nov 2025,2025-11,2025,Q4 2025,Organic,HubSpot,Brand Search,224950,6749,18559.75,33743,405,222750.0,3.0002,82.5061,2.75,6.0009
2026-02-17,Feb 2026,2026-02,2026,Q1 2026,Paid Social,Amazon Ad Server,Google Nonbrand,184664,5540,15235.0,27700,332,182600.0,3.0,82.5012,2.75,5.9928
2026-02-20,Feb 2026,2026-02,2026,Q1 2026,Programmatic,Google Ads,Organic Content,7182,215,591.25,1077,13,7150.0,2.9936,82.3239,2.75,6.0465
2026-04-21,Apr 2026,2026-04,2026,Q2 2026,Programmatic,Google Ads,Organic Content,240998,7230,19882.5,36150,434,238700.0,3.0,82.5007,2.75,6.0028
2026-02-21,Feb 2026,2026-02,2026,Q1 2026,Paid Social,Amazon Ad Server,Retargeting Display,181077,5432,14938.0,27162,326,179300.0,2.9998,82.4953,2.75,6.0015
2025-12-05,Dec 2025,2025-12,2025,Q4 2025,Paid Social,Bing Ads,Facebook Prospecting,95784,2874,7903.5,14368,172,94600.0,3.0005,82.5138,2.75,5.9847
2026-02-10,Feb 2026,2026-02,2026,Q1 2026,Organic,LinkedIn Ads,LinkedIn Lead Gen,25685,771,2120.25,3853,46,25300.0,3.0018,82.5482,2.75,5.9663
2026-02-11,Feb 2026,2026-02,2026,Q1 2026,Paid Search,HubSpot,Retargeting Display,143791,4314,11863.5,21569,259,142450.0,3.0002,82.5052,2.75,6.0037
2025-11-18,Nov 2025,2025-11,2025,Q4 2025,Paid Search,Bing Ads,Bing Search,179045,5371,14770.25,26857,322,177100.0,2.9998,82.4946,2.75,5.9952
2026-03-16,Mar 2026,2026-03,2026,Q1 2026,Programmatic,Google Ads,Facebook Prospecting,207067,6212,17083.0,31060,373,205150.0,3.0,82.4999,2.75,6.0045
2026-03-21,Mar 2026,2026-03,2026,Q1 2026,Programmatic,Bing Ads,Email Nurture,132034,3961,10892.75,19805,238,130900.0,3.0,82.4996,2.75,6.0086
2025-11-28,Nov 2025,2025-11,2025,Q4 2025,Paid Search,Google Analytics,Competitor Search,99409,2982,8200.5,14911,179,98450.0,2.9997,82.4925,2.75,6.0027
2026-01-01,Jan 2026,2026-01,2026,Q1 2026,Programmatic,Google Analytics,Brand Search,119015,3570,9817.5,17852,214,117700.0,2.9996,82.4896,2.75,5.9944
2026-03-11,Mar 2026,2026-03,2026,Q1 2026,Paid Social,Facebook Ads,Email Nurture,20697,621,1707.75,3105,37,20350.0,3.0004,82.512,2.75,5.9581
2025-11-09,Nov 2025,2025-11,2025,Q4 2025,Organic,LinkedIn Ads,Enterprise ABM,71797,2154,5923.5,10770,129,70950.0,3.0001,82.5034,2.75,5.9889
2025-12-31,Dec 2025,2025-12,2025,Q4 2025,Paid Social,Bing Ads,Demo Requests,206734,6202,17055.5,31010,372,204600.0,3.0,82.4997,2.75,5.9981
2026-01-19,Jan 2026,2026-01,2026,Q1 2026,Paid Search,Bing Ads,Brand Search,88593,2658,7309.5,13289,159,87450.0,3.0002,82.5065,2.75,5.9819
2026-03-13,Mar 2026,2026-03,2026,Q1 2026,Paid Social,Amazon Ad Server,Awareness Push,147639,4429,12179.75,22146,266,146300.0,2.9999,82.4968,2.75,6.0059
2026-04-23,Apr 2026,2026-04,2026,Q2 2026,Paid Social,HubSpot,Competitor Search,30196,906,2491.5,4529,54,29700.0,3.0004,82.5109,2.75,5.9603
2026-02-26,Feb 2026,2026-02,2026,Q1 2026,Organic,Bing Ads,Competitor Search,178095,5343,14693.25,26714,321,176550.0,3.0001,82.5023,2.75,6.0079
2026-02-16,Feb 2026,2026-02,2026,Q1 2026,Organic,Google Ads,Demo Requests,172169,5165,14203.75,25825,310,170500.0,3.0,82.4989,2.75,6.0019
2026-03-02,Mar 2026,2026-03,2026,Q1 2026,Organic,Google Ads,Bing Search,64213,1926,5296.5,9632,116,63800.0,2.9994,82.4833,2.75,6.0228
2026-02-15,Feb 2026,2026-02,2026,Q1 2026,Programmatic,Google Analytics,Facebook Prospecting,244752,7343,20193.25,36713,441,242550.0,3.0002,82.5049,2.75,6.0057
2025-12-15,Dec 2025,2025-12,2025,Q4 2025,Paid Social,HubSpot,Brand Search,62436,1873,5150.75,9365,112,61600.0,2.9999,82.4965,2.75,5.9797
2026-02-12,Feb 2026,2026-02,2026,Q1 2026,Organic,Bing Ads,LinkedIn Lead Gen,89485,2685,7383.75,13423,161,88550.0,3.0005,82.5138,2.75,5.9963
2025-11-01,Nov 2025,2025-11,2025,Q4 2025,Paid Search,Bing Ads,Enterprise ABM,210996,6330,17407.5,31649,380,209000.0,3.0001,82.5016,2.75,6.0032
2025-11-13,Nov 2025,2025-11,2025,Q4 2025,Organic,Amazon Ad Server,Competitor Search,228300,6849,18834.75,34245,411,226050.0,3.0,82.5,2.75,6.0009
2025-12-09,Dec 2025,2025-12,2025,Q4 2025,Paid Social,HubSpot,Retargeting Display,49031,1471,4045.25,7355,88,48400.0,3.0001,82.5039,2.75,5.9823
2026-03-07,Mar 2026,2026-03,2026,Q1 2026,Paid Search,Bing Ads,Awareness Push,15500,465,1278.75,2325,28,15400.0,3.0,82.5,2.75,6.0215
2026-01-18,Jan 2026,2026-01,2026,Q1 2026,Paid Social,Google Analytics,Organic Content,224997,6750,18562.5,33750,405,222750.0,3.0,82.5011,2.75,6.0
2025-11-19,Nov 2025,2025-11,2025,Q4 2025,Organic,StackAdapt,Organic Content,98210,2946,8101.5,14732,177,97350.0,2.9997,82.4916,2.75,6.0081
2025-11-12,Nov 2025,2025-11,2025,Q4 2025,Organic,Google Ads,LinkedIn Lead Gen,117126,3514,9663.5,17569,211,116050.0,3.0002,82.5052,2.75,6.0046
2026-02-19,Feb 2026,2026-02,2026,Q1 2026,Paid Search,LinkedIn Ads,Email Nurture,166689,5001,13752.75,25003,300,165000.0,3.0002,82.5054,2.75,5.9988
2026-03-19,Mar 2026,2026-03,2026,Q1 2026,Programmatic,StackAdapt,Competitor Search,154911,4647,12779.25,23237,279,153450.0,2.9998,82.4941,2.75,6.0039
2026-03-17,Mar 2026,2026-03,2026,Q1 2026,Paid Social,HubSpot,Competitor Search,12172,365,1003.75,1826,22,12100.0,2.9987,82.4639,2.75,6.0274
2025-10-29,Oct 2025,2025-10,2025,Q4 2025,Organic,HubSpot,Bing Search,194173,5825,16018.75,29126,350,192500.0,2.9999,82.4973,2.75,6.0086
2025-10-27,Oct 2025,2025-10,2025,Q4 2025,Programmatic,Google Ads,Brand Search,35299,1059,2912.25,5295,64,35200.0,3.0001,82.5023,2.75,6.0434
2026-02-06,Feb 2026,2026-02,2026,Q1 2026,Paid Social,Google Ads,Demo Requests,41275,1238,3404.5,6191,74,40700.0,2.9994,82.4833,2.75,5.9774
2025-12-05,Dec 2025,2025-12,2025,Q4 2025,Programmatic,Google Ads,Organic Content,27294,819,2252.25,4094,49,26950.0,3.0007,82.5181,2.75,5.9829
2026-02-15,Feb 2026,2026-02,2026,Q1 2026,Organic,LinkedIn Ads,Brand Search,114104,3423,9413.25,17116,205,112750.0,2.9999,82.4971,2.75,5.9889
2025-11-11,Nov 2025,2025-11,2025,Q4 2025,Paid Social,Google Analytics,Bing Search,106802,3204,8811.0,16020,192,105600.0,2.9999,82.4985,2.75,5.9925
2025-12-11,Dec 2025,2025-12,2025,Q4 2025,Organic,Facebook Ads,Enterprise ABM,100483,3014,8288.5,15072,181,99550.0,2.9995,82.4866,2.75,6.0053
2025-12-28,Dec 2025,2025-12,2025,Q4 2025,Paid Search,Google Analytics,Demo Requests,112120,3364,9251.0,16818,202,111100.0,3.0004,82.5098,2.75,6.0048
2026-01-30,Jan 2026,2026-01,2026,Q1 2026,Programmatic,StackAdapt,Bing Search,187456,5624,15466.0,28118,337,185350.0,3.0002,82.5047,2.75,5.9922
2026-04-13,Apr 2026,2026-04,2026,Q2 2026,Paid Social,Google Ads,Facebook Prospecting,190817,5725,15743.75,28623,344,189200.0,3.0003,82.5071,2.75,6.0087
2025-12-20,Dec 2025,2025-12,2025,Q4 2025,Paid Search,LinkedIn Ads,Bing Search,12953,389,1069.75,1943,23,12650.0,3.0032,82.587,2.75,5.9126
2025-10-28,Oct 2025,2025-10,2025,Q4 2025,Paid Search,LinkedIn Ads,Awareness Push,57937,1738,4779.5,8691,104,57200.0,2.9998,82.4948,2.75,5.9839
2026-01-31,Jan 2026,2026-01,2026,Q1 2026,Paid Search,Facebook Ads,Retargeting Display,52300,1569,4314.75,7845,94,51700.0,3.0,82.5,2.75,5.9911
2026-02-25,Feb 2026,2026-02,2026,Q1 2026,Organic,HubSpot,Demo Requests,126314,3789,10419.75,18947,227,124850.0,2.9997,82.4909,2.75,5.991
2025-11-02,Nov 2025,2025-11,2025,Q4 2025,Programmatic,Bing Ads,Retargeting Display,189710,5691,15650.25,28457,341,187550.0,2.9998,82.4957,2.75,5.9919
2025-12-16,Dec 2025,2025-12,2025,Q4 2025,Paid Social,Facebook Ads,Enterprise ABM,121474,3644,10021.0,18221,219,120450.0,2.9998,82.495,2.75,6.0099
2026-04-22,Apr 2026,2026-04,2026,Q2 2026,Programmatic,Facebook Ads,Email Nurture,41439,1243,3418.25,6216,75,41250.0,2.9996,82.4887,2.75,6.0338
2025-11-16,Nov 2025,2025-11,2025,Q4 2025,Programmatic,Bing Ads,Retargeting Display,81882,2456,6754.0,12282,147,80850.0,2.9994,82.4846,2.75,5.9853
2025-12-12,Dec 2025,2025-12,2025,Q4 2025,Organic,Amazon Ad Server,Awareness Push,96930,2908,7997.0,14540,174,95700.0,3.0001,82.5028,2.75,5.9835
2025-11-27,Nov 2025,2025-11,2025,Q4 2025,Programmatic,LinkedIn Ads,Retargeting Display,238652,7160,19690.0,35798,430,236500.0,3.0002,82.5051,2.75,6.0056
2026-04-17,Apr 2026,2026-04,2026,Q2 2026,Organic,Bing Ads,LinkedIn Lead Gen,124361,3731,10260.25,18654,224,123200.0,3.0001,82.5038,2.75,6.0038
2026-04-07,Apr 2026,2026-04,2026,Q2 2026,Programmatic,Amazon Ad Server,Retargeting Display,175551,5267,14484.25,26333,316,173800.0,3.0003,82.5074,2.75,5.9996
2026-04-09,Apr 2026,2026-04,2026,Q2 2026,Paid Search,LinkedIn Ads,Email Nurture,131676,3950,10862.5,19751,237,130350.0,2.9998,82.4942,2.75,6.0
2025-12-08,Dec 2025,2025-12,2025,Q4 2025,Paid Social,Facebook Ads,Enterprise ABM,109272,3278,9014.5,16391,197,108350.0,2.9999,82.496,2.75,6.0098
2025-10-31,Oct 2025,2025-10,2025,Q4 2025,Paid Social,HubSpot,Organic Content,123334,3700,10175.0,18500,222,122100.0,3.0,82.4996,2.75,6.0
2026-02-19,Feb 2026,2026-02,2026,Q1 2026,Organic,Google Analytics,Competitor Search,219798,6594,18133.5,32970,396,217800.0,3.0,82.5008,2.75,6.0055
2026-04-01,Apr 2026,2026-04,2026,Q2 2026,Paid Social,Facebook Ads,Google Nonbrand,189230,5677,15611.75,28385,341,187550.0,3.0001,82.5015,2.75,6.0067
2025-11-19,Nov 2025,2025-11,2025,Q4 2025,Programmatic,Google Ads,Brand Search,14144,424,1166.0,2122,25,13750.0,2.9977,82.4378,2.75,5.8962
2025-12-04,Dec 2025,2025-12,2025,Q4 2025,Paid Social,Facebook Ads,Brand Search,83927,2518,6924.5,12589,151,83050.0,3.0002,82.5062,2.75,5.9968
2026-02-07,Feb 2026,2026-02,2026,Q1 2026,Programmatic,Facebook Ads,Organic Content,96279,2888,7942.0,14442,173,95150.0,2.9996,82.4894,2.75,5.9903
2025-11-10,Nov 2025,2025-11,2025,Q4 2025,Paid Search,Amazon Ad Server,Awareness Push,59022,1771,4870.25,8853,106,58300.0,3.0006,82.5158,2.75,5.9853
2026-01-07,Jan 2026,2026-01,2026,Q1 2026,Organic,HubSpot,Awareness Push,10589,318,874.5,1588,19,10450.0,3.0031,82.5857,2.75,5.9748
2025-10-30,Oct 2025,2025-10,2025,Q4 2025,Organic,LinkedIn Ads,LinkedIn Lead Gen,182394,5472,15048.0,27359,328,180400.0,3.0001,82.5027,2.75,5.9942
2026-04-13,Apr 2026,2026-04,2026,Q2 2026,Paid Social,HubSpot,Enterprise ABM,227703,6831,18785.25,34155,410,225500.0,3.0,82.4989,2.75,6.002
2026-02-20,Feb 2026,2026-02,2026,Q1 2026,Organic,Google Analytics,Retargeting Display,212979,6389,17569.75,31947,383,210650.0,2.9998,82.4952,2.75,5.9947
2026-04-21,Apr 2026,2026-04,2026,Q2 2026,Programmatic,Google Analytics,Organic Content,130746,3922,10785.5,19612,235,129250.0,2.9997,82.492,2.75,5.9918
2025-12-13,Dec 2025,2025-12,2025,Q4 2025,Programmatic,StackAdapt,Organic Content,83544,2506,6891.5,12532,150,82500.0,2.9996,82.4895,2.75,5.9856
2026-03-23,Mar 2026,2026-03,2026,Q1 2026,Organic,Google Ads,LinkedIn Lead Gen,206141,6184,17006.0,30921,371,204050.0,2.9999,82.4969,2.75,5.9994
2026-04-26,Apr 2026,2026-04,2026,Q2 2026,Organic,StackAdapt,Awareness Push,54485,1635,4496.25,8173,98,53900.0,3.0008,82.5227,2.75,5.9939
2025-11-26,Nov 2025,2025-11,2025,Q4 2025,Paid Search,Amazon Ad Server,Facebook Prospecting,142666,4280,11770.0,21400,257,141350.0,3.0,82.5004,2.75,6.0047
2025-12-10,Dec 2025,2025-12,2025,Q4 2025,Programmatic,Facebook Ads,Demo Requests,81981,2459,6762.25,12297,148,81400.0,2.9995,82.4856,2.75,6.0187
2026-01-13,Jan 2026,2026-01,2026,Q1 2026,Paid Search,HubSpot,Bing Search,209338,6280,17270.0,31401,377,207350.0,2.9999,82.4982,2.75,6.0032
2026-03-16,Mar 2026,2026-03,2026,Q1 2026,Programmatic,LinkedIn Ads,Google Nonbrand,89059,2672,7348.0,13359,160,88000.0,3.0003,82.5071,2.75,5.988
2026-04-04,Apr 2026,2026-04,2026,Q2 2026,Paid Search,LinkedIn Ads,Brand Search,83054,2492,6853.0,12458,150,82500.0,3.0005,82.5126,2.75,6.0193
2026-03-03,Mar 2026,2026-03,2026,Q1 2026,Paid Search,HubSpot,LinkedIn Lead Gen,144245,4327,11899.25,21637,260,143000.0,2.9998,82.4933,2.75,6.0088
2026-04-26,Apr 2026,2026-04,2026,Q2 2026,Programmatic,Google Ads,Demo Requests,161148,4834,13293.5,24172,290,159500.0,2.9997,82.4925,2.75,5.9992
2026-04-21,Apr 2026,2026-04,2026,Q2 2026,Paid Social,HubSpot,Retargeting Display,100483,3014,8288.5,15072,181,99550.0,2.9995,82.4866,2.75,6.0053
2026-02-16,Feb 2026,2026-02,2026,Q1 2026,Paid Search,Google Analytics,Enterprise ABM,146233,4387,12064.25,21935,263,144650.0,3.0,82.5002,2.75,5.995
2026-02-10,Feb 2026,2026-02,2026,Q1 2026,Paid Social,LinkedIn Ads,LinkedIn Lead Gen,169453,5084,13981.0,25418,305,167750.0,3.0002,82.5067,2.75,5.9992
2026-03-10,Mar 2026,2026-03,2026,Q1 2026,Paid Search,Facebook Ads,Enterprise ABM,226696,6801,18702.75,34004,408,224400.0,3.0001,82.5015,2.75,5.9991
2025-12-07,Dec 2025,2025-12,2025,Q4 2025,Programmatic,Google Analytics,Awareness Push,195697,5871,16145.25,29355,352,193600.0,3.0,82.5013,2.75,5.9956
2026-04-08,Apr 2026,2026-04,2026,Q2 2026,Programmatic,LinkedIn Ads,LinkedIn Lead Gen,200739,6022,16560.5,30111,361,198550.0,2.9999,82.4977,2.75,5.9947
2026-03-20,Mar 2026,2026-03,2026,Q1 2026,Organic,Facebook Ads,Email Nurture,208257,6248,17182.0,31239,375,206250.0,3.0001,82.5038,2.75,6.0019
2026-01-10,Jan 2026,2026-01,2026,Q1 2026,Programmatic,HubSpot,Bing Search,234016,7020,19305.0,35102,421,231550.0,2.9998,82.4944,2.75,5.9972
2026-02-03,Feb 2026,2026-02,2026,Q1 2026,Paid Search,Google Analytics,Brand Search,151721,4552,12518.0,22758,273,150150.0,3.0002,82.5067,2.75,5.9974
2025-11-29,Nov 2025,2025-11,2025,Q4 2025,Paid Search,LinkedIn Ads,Demo Requests,106387,3192,8778.0,15958,192,105600.0,3.0004,82.5101,2.75,6.015
2026-01-19,Jan 2026,2026-01,2026,Q1 2026,Organic,Google Ads,Facebook Prospecting,140064,4202,11555.5,21010,252,138600.0,3.0001,82.5016,2.75,5.9971
2025-12-30,Dec 2025,2025-12,2025,Q4 2025,Paid Search,LinkedIn Ads,Email Nurture,108305,3249,8934.75,16246,195,107250.0,2.9999,82.4962,2.75,6.0018
2026-03-01,Mar 2026,2026-03,2026,Q1 2026,Paid Search,Google Ads,LinkedIn Lead Gen,241346,7240,19910.0,36202,434,238700.0,2.9998,82.4957,2.75,5.9945
2026-01-30,Jan 2026,2026-01,2026,Q1 2026,Organic,Amazon Ad Server,Facebook Prospecting,31254,938,2579.5,4688,56,30800.0,3.0012,82.5334,2.75,5.9701
2026-04-11,Apr 2026,2026-04,2026,Q2 2026,Programmatic,Bing Ads,Competitor Search,41854,1256,3454.0,6278,75,41250.0,3.0009,82.525,2.75,5.9713
2026-01-09,Jan 2026,2026-01,2026,Q1 2026,Organic,Google Analytics,LinkedIn Lead Gen,84624,2539,6982.25,12694,152,83600.0,3.0003,82.5091,2.75,5.9866
2026-02-15,Feb 2026,2026-02,2026,Q1 2026,Paid Social,LinkedIn Ads,Competitor Search,91186,2736,7524.0,13678,164,90200.0,3.0005,82.5127,2.75,5.9942
2026-02-17,Feb 2026,2026-02,2026,Q1 2026,Paid Social,Google Analytics,Competitor Search,61613,1848,5082.0,9242,111,61050.0,2.9994,82.4826,2.75,6.0065
2026-03-27,Mar 2026,2026-03,2026,Q1 2026,Paid Social,Google Ads,Google Nonbrand,4073,122,335.5,611,7,3850.0,2.9953,82.3717,2.75,5.7377
2025-11-28,Nov 2025,2025-11,2025,Q4 2025,Paid Social,Bing Ads,Competitor Search,130294,3909,10749.75,19544,235,129250.0,3.0001,82.5038,2.75,6.0118
2026-01-22,Jan 2026,2026-01,2026,Q1 2026,Paid Search,LinkedIn Ads,Awareness Push,5391,162,445.5,809,10,5500.0,3.005,82.6377,2.75,6.1728
2026-02-26,Feb 2026,2026-02,2026,Q1 2026,Programmatic,Bing Ads,Brand Search,196157,5885,16183.75,29424,353,194150.0,3.0001,82.5041,2.75,5.9983
2025-11-09,Nov 2025,2025-11,2025,Q4 2025,Organic,Google Ads,Demo Requests,146427,4393,12080.75,21964,264,145200.0,3.0001,82.5036,2.75,6.0096
2026-04-26,Apr 2026,2026-04,2026,Q2 2026,Paid Social,Facebook Ads,Brand Search,14745,442,1215.5,2212,27,14850.0,2.9976,82.4347,2.75,6.1086
2026-01-31,Jan 2026,2026-01,2026,Q1 2026,Paid Social,Bing Ads,Awareness Push,126770,3803,10458.25,19016,228,125400.0,2.9999,82.4978,2.75,5.9953
2026-04-18,Apr 2026,2026-04,2026,Q2 2026,Programmatic,Google Analytics,Demo Requests,17754,533,1465.75,2663,32,17600.0,3.0021,82.5589,2.75,6.0038
2026-04-18,Apr 2026,2026-04,2026,Q2 2026,Programmatic,Amazon Ad Server,Bing Search,21617,649,1784.75,3243,39,21450.0,3.0023,82.5623,2.75,6.0092
2026-01-02,Jan 2026,2026-01,2026,Q1 2026,Organic,Facebook Ads,Email Nurture,110079,3302,9080.5,16512,198,108900.0,2.9997,82.4908,2.75,5.9964
2026-01-24,Jan 2026,2026-01,2026,Q1 2026,Paid Social,Amazon Ad Server,Awareness Push,131971,3959,10887.25,19796,238,130900.0,2.9999,82.4973,2.75,6.0116
2025-11-19,Nov 2025,2025-11,2025,Q4 2025,Paid Social,Bing Ads,Facebook Prospecting,30992,930,2557.5,4649,56,30800.0,3.0008,82.5213,2.75,6.0215
2026-01-05,Jan 2026,2026-01,2026,Q1 2026,Paid Social,Facebook Ads,Email Nurture,136607,4098,11269.5,20491,246,135300.0,2.9998,82.4958,2.75,6.0029
2025-12-31,Dec 2025,2025-12,2025,Q4 2025,Paid Social,Amazon Ad Server,LinkedIn Lead Gen,237384,7122,19585.5,35608,427,234850.0,3.0002,82.5056,2.75,5.9955
2026-02-18,Feb 2026,2026-02,2026,Q1 2026,Paid Search,Amazon Ad Server,Google Nonbrand,170322,5110,14052.5,25548,307,168850.0,3.0002,82.5055,2.75,6.0078
2026-04-06,Apr 2026,2026-04,2026,Q2 2026,Paid Search,Google Analytics,Google Nonbrand,46168,1385,3808.75,6925,83,45650.0,2.9999,82.4976,2.75,5.9928
2026-03-01,Mar 2026,2026-03,2026,Q1 2026,Organic,Google Analytics,Retargeting Display,155000,4650,12787.5,23250,279,153450.0,3.0,82.5,2.75,6.0
2025-12-07,Dec 2025,2025-12,2025,Q4 2025,Paid Social,HubSpot,Organic Content,233855,7016,19294.0,35078,421,231550.0,3.0001,82.5041,2.75,6.0006
2026-01-03,Jan 2026,2026-01,2026,Q1 2026,Programmatic,LinkedIn Ads,Organic Content,226678,6800,18700.0,34002,408,224400.0,2.9999,82.4959,2.75,6.0
2025-11-28,Nov 2025,2025-11,2025,Q4 2025,Paid Social,Facebook Ads,Enterprise ABM,82859,2486,6836.5,12429,149,81950.0,3.0003,82.5076,2.75,5.9936
2025-11-26,Nov 2025,2025-11,2025,Q4 2025,Paid Social,LinkedIn Ads,Brand Search,60336,1810,4977.5,9050,109,59950.0,2.9999,82.4964,2.75,6.0221
2026-01-06,Jan 2026,2026-01,2026,Q1 2026,Organic,Google Analytics,Google Nonbrand,137245,4117,11321.75,20587,247,135850.0,2.9997,82.493,2.75,5.9995
2026-03-13,Mar 2026,2026-03,2026,Q1 2026,Paid Search,Google Analytics,Awareness Push,80723,2422,6660.5,12108,145,79750.0,3.0004,82.5106,2.75,5.9868
2026-01-10,Jan 2026,2026-01,2026,Q1 2026,Paid Search,StackAdapt,Google Nonbrand,69887,2097,5766.75,10483,126,69300.0,3.0006,82.5153,2.75,6.0086
2025-11-08,Nov 2025,2025-11,2025,Q4 2025,Paid Social,HubSpot,Email Nurture,83064,2492,6853.0,12460,150,82500.0,3.0001,82.5026,2.75,6.0193
2026-02-14,Feb 2026,2026-02,2026,Q1 2026,Organic,Google Analytics,Awareness Push,170972,5129,14104.75,25646,308,169400.0,2.9999,82.4974,2.75,6.0051
2026-03-30,Mar 2026,2026-03,2026,Q1 2026,Programmatic,StackAdapt,Retargeting Display,171844,5155,14176.25,25777,309,169950.0,2.9998,82.4949,2.75,5.9942
2026-02-03,Feb 2026,2026-02,2026,Q1 2026,Paid Social,HubSpot,Brand Search,65827,1975,5431.25,9874,119,65450.0,3.0003,82.5079,2.75,6.0253
2026-04-16,Apr 2026,2026-04,2026,Q2 2026,Paid Social,Bing Ads,Email Nurture,59955,1799,4947.25,8993,108,59400.0,3.0006,82.5161,2.75,6.0033
2026-03-03,Mar 2026,2026-03,2026,Q1 2026,Paid Search,Google Analytics,Brand Search,240678,7220,19855.0,36102,433,238150.0,2.9999,82.4961,2.75,5.9972
2025-12-24,Dec 2025,2025-12,2025,Q4 2025,Programmatic,Google Analytics,Brand Search,81972,2459,6762.25,12296,148,81400.0,2.9998,82.4946,2.75,6.0187
2026-01-07,Jan 2026,2026-01,2026,Q1 2026,Organic,HubSpot,Facebook Prospecting,123407,3702,10180.5,18511,222,122100.0,2.9998,82.4953,2.75,5.9968
2025-12-02,Dec 2025,2025-12,2025,Q4 2025,Paid Search,Bing Ads,Brand Search,112492,3375,9281.25,16874,203,111650.0,3.0002,82.5059,2.75,6.0148
2025-12-11,Dec 2025,2025-12,2025,Q4 2025,Paid Search,Google Ads,Bing Search,41957,1259,3462.25,6294,76,41800.0,3.0007,82.519,2.75,6.0365
2026-02-15,Feb 2026,2026-02,2026,Q1 2026,Paid Social,StackAdapt,Google Nonbrand,215425,6463,17773.25,32314,388,213400.0,3.0001,82.5032,2.75,6.0034
2025-10-31,Oct 2025,2025-10,2025,Q4 2025,Organic,Facebook Ads,Enterprise ABM,86008,2580,7095.0,12901,155,85250.0,2.9997,82.4923,2.75,6.0078
2025-12-05,Dec 2025,2025-12,2025,Q4 2025,Paid Search,Google Analytics,Google Nonbrand,126471,3794,10433.5,18971,228,125400.0,2.9999,82.4972,2.75,6.0095
2025-11-27,Nov 2025,2025-11,2025,Q4 2025,Paid Social,StackAdapt,Awareness Push,134505,4035,11096.25,20176,242,133100.0,2.9999,82.4969,2.75,5.9975
2026-03-18,Mar 2026,2026-03,2026,Q1 2026,Paid Search,HubSpot,Demo Requests,214081,6422,17660.5,32112,385,211750.0,2.9998,82.4945,2.75,5.995
2026-03-27,Mar 2026,2026-03,2026,Q1 2026,Paid Social,LinkedIn Ads,Competitor Search,180385,5412,14883.0,27058,325,178750.0,3.0002,82.5069,2.75,6.0052
2026-03-14,Mar 2026,2026-03,2026,Q1 2026,Programmatic,Bing Ads,Retargeting Display,16563,497,1366.75,2484,30,16500.0,3.0007,82.5183,2.75,6.0362
2025-11-05,Nov 2025,2025-11,2025,Q4 2025,Paid Search,Google Analytics,Demo Requests,45164,1355,3726.25,6775,81,44550.0,3.0002,82.5049,2.75,5.9779
2026-02-14,Feb 2026,2026-02,2026,Q1 2026,Paid Social,Google Analytics,Retargeting Display,233538,7006,19266.5,35031,420,231000.0,2.9999,82.4984,2.75,5.9949
2026-03-25,Mar 2026,2026-03,2026,Q1 2026,Paid Social,Google Ads,Demo Requests,77596,2328,6402.0,11639,140,77000.0,3.0002,82.5043,2.75,6.0137
2026-01-19,Jan 2026,2026-01,2026,Q1 2026,Paid Search,Google Analytics,LinkedIn Lead Gen,113985,3420,9405.0,17098,205,112750.0,3.0004,82.5109,2.75,5.9942
2025-11-30,Nov 2025,2025-11,2025,Q4 2025,Organic,Google Analytics,Google Nonbrand,179078,5372,14773.0,26862,322,177100.0,2.9998,82.4948,2.75,5.994
2026-02-03,Feb 2026,2026-02,2026,Q1 2026,Organic,StackAdapt,Organic Content,136859,4106,11291.5,20529,246,135300.0,3.0002,82.5046,2.75,5.9912
2026-03-25,Mar 2026,2026-03,2026,Q1 2026,Paid Social,Amazon Ad Server,Bing Search,49960,1499,4122.25,7494,90,49500.0,3.0004,82.511,2.75,6.004
2026-03-10,Mar 2026,2026-03,2026,Q1 2026,Paid Social,LinkedIn Ads,Awareness Push,227859,6836,18799.0,34179,410,225500.0,3.0001,82.5028,2.75,5.9977
2025-11-01,Nov 2025,2025-11,2025,Q4 2025,Organic,HubSpot,LinkedIn Lead Gen,59559,1787,4914.25,8934,107,58850.0,3.0004,82.5106,2.75,5.9877
2025-12-28,Dec 2025,2025-12,2025,Q4 2025,Programmatic,Google Analytics,Retargeting Display,158083,4742,13040.5,23712,285,156750.0,2.9997,82.4915,2.75,6.0101
2026-02-23,Feb 2026,2026-02,2026,Q1 2026,Programmatic,Amazon Ad Server,Awareness Push,132774,3983,10953.25,19916,239,131450.0,2.9998,82.4954,2.75,6.0005
2025-12-04,Dec 2025,2025-12,2025,Q4 2025,Programmatic,Facebook Ads,Awareness Push,115372,3461,9517.75,17306,208,114400.0,2.9999,82.4962,2.75,6.0098
2025-12-04,Dec 2025,2025-12,2025,Q4 2025,Paid Search,LinkedIn Ads,Email Nurture,138730,4162,11445.5,20810,250,137500.0,3.0001,82.502,2.75,6.0067
2026-02-07,Feb 2026,2026-02,2026,Q1 2026,Programmatic,LinkedIn Ads,Organic Content,174769,5243,14418.25,26215,315,173250.0,3.0,82.4989,2.75,6.008
2025-11-24,Nov 2025,2025-11,2025,Q4 2025,Paid Social,Facebook Ads,Demo Requests,217362,6521,17932.75,32604,391,215050.0,3.0001,82.5018,2.75,5.996
2026-03-13,Mar 2026,2026-03,2026,Q1 2026,Paid Social,Google Analytics,Bing Search,234167,7025,19318.75,35125,422,232100.0,3.0,82.4999,2.75,6.0071
2026-02-24,Feb 2026,2026-02,2026,Q1 2026,Paid Search,Bing Ads,Demo Requests,166289,4989,13719.75,24943,299,164450.0,3.0002,82.5055,2.75,5.9932
2026-02-24,Feb 2026,2026-02,2026,Q1 2026,Programmatic,HubSpot,Brand Search,248161,7445,20473.75,37224,447,245850.0,3.0001,82.5019,2.75,6.004
2026-03-25,Mar 2026,2026-03,2026,Q1 2026,Programmatic,HubSpot,Competitor Search,211750,6353,17470.75,31763,381,209550.0,3.0002,82.5065,2.75,5.9972
2025-12-06,Dec 2025,2025-12,2025,Q4 2025,Paid Search,Amazon Ad Server,Bing Search,88124,2644,7271.0,13219,159,87450.0,3.0003,82.5087,2.75,6.0136
2026-04-16,Apr 2026,2026-04,2026,Q2 2026,Paid Social,HubSpot,Bing Search,106303,3189,8769.75,15945,191,105050.0,2.9999,82.4977,2.75,5.9893
2025-11-26,Nov 2025,2025-11,2025,Q4 2025,Paid Search,Google Analytics,Retargeting Display,40227,1207,3319.25,6034,72,39600.0,3.0005,82.513,2.75,5.9652
2025-11-21,Nov 2025,2025-11,2025,Q4 2025,Organic,Amazon Ad Server,Demo Requests,81485,2445,6723.75,12223,147,80850.0,3.0006,82.5152,2.75,6.0123
2026-01-22,Jan 2026,2026-01,2026,Q1 2026,Paid Search,StackAdapt,Organic Content,89447,2683,7378.25,13417,161,88550.0,2.9995,82.4874,2.75,6.0007
2026-03-16,Mar 2026,2026-03,2026,Q1 2026,Organic,LinkedIn Ads,Facebook Prospecting,145482,4364,12001.0,21822,262,144100.0,2.9997,82.4913,2.75,6.0037
2025-10-27,Oct 2025,2025-10,2025,Q4 2025,Programmatic,Google Analytics,LinkedIn Lead Gen,140671,4220,11605.0,21101,253,139150.0,2.9999,82.4975,2.75,5.9953
2026-01-23,Jan 2026,2026-01,2026,Q1 2026,Organic,Amazon Ad Server,Competitor Search,1524,46,126.5,229,3,1650.0,3.0184,83.0052,2.75,6.5217
2026-03-27,Mar 2026,2026-03,2026,Q1 2026,Paid Search,StackAdapt,Facebook Prospecting,3517,106,291.5,528,6,3300.0,3.0139,82.8831,2.75,5.6604
2025-11-27,Nov 2025,2025-11,2025,Q4 2025,Paid Search,Bing Ads,Brand Search,15948,478,1314.5,2392,29,15950.0,2.9972,82.4241,2.75,6.0669
2025-12-29,Dec 2025,2025-12,2025,Q4 2025,Organic,Amazon Ad Server,Demo Requests,232215,6966,19156.5,34832,418,229900.0,2.9998,82.4947,2.75,6.0006
2026-04-20,Apr 2026,2026-04,2026,Q2 2026,Paid Search,StackAdapt,Retargeting Display,222800,6684,18381.0,33420,401,220550.0,3.0,82.5,2.75,5.9994
2026-02-15,Feb 2026,2026-02,2026,Q1 2026,Paid Social,HubSpot,Brand Search,10377,311,855.25,1557,19,10450.0,2.997,82.4178,2.75,6.1093
2026-03-09,Mar 2026,2026-03,2026,Q1 2026,Paid Social,Google Analytics,Retargeting Display,239469,7184,19756.0,35920,431,237050.0,3.0,82.4992,2.75,5.9994
2025-12-04,Dec 2025,2025-12,2025,Q4 2025,Organic,LinkedIn Ads,Awareness Push,178888,5367,14759.25,26833,322,177100.0,3.0002,82.5055,2.75,5.9996
2026-03-02,Mar 2026,2026-03,2026,Q1 2026,Organic,Google Analytics,Bing Search,52470,1574,4328.5,7871,94,51700.0,2.9998,82.4948,2.75,5.972
2026-03-25,Mar 2026,2026-03,2026,Q1 2026,Programmatic,Facebook Ads,Google Nonbrand,155724,4672,12848.0,23359,280,154000.0,3.0002,82.5049,2.75,5.9932
2026-04-20,Apr 2026,2026-04,2026,Q2 2026,Programmatic,HubSpot,Demo Requests,45219,1357,3731.75,6783,81,44550.0,3.001,82.5262,2.75,5.969
2026-01-15,Jan 2026,2026-01,2026,Q1 2026,Paid Search,Amazon Ad Server,Google Nonbrand,90859,2726,7496.5,13629,164,90200.0,3.0003,82.507,2.75,6.0161
2026-01-09,Jan 2026,2026-01,2026,Q1 2026,Paid Search,Facebook Ads,Competitor Search,246408,7392,20328.0,36961,444,244200.0,2.9999,82.4973,2.75,6.0065
2026-02-24,Feb 2026,2026-02,2026,Q1 2026,Paid Search,Amazon Ad Server,Awareness Push,18540,556,1529.0,2781,33,18150.0,2.9989,82.4703,2.75,5.9353
2026-02-19,Feb 2026,2026-02,2026,Q1 2026,Paid Search,Amazon Ad Server,Email Nurture,122589,3678,10114.5,18388,221,121550.0,3.0003,82.5074,2.75,6.0087
2025-12-02,Dec 2025,2025-12,2025,Q4 2025,Paid Search,Bing Ads,Email Nurture,230528,6916,19019.0,34579,415,228250.0,3.0001,82.5019,2.75,6.0006
2026-02-04,Feb 2026,2026-02,2026,Q1 2026,Organic,Bing Ads,Google Nonbrand,147072,4412,12133.0,22061,265,145750.0,2.9999,82.497,2.75,6.0063
2026-03-25,Mar 2026,2026-03,2026,Q1 2026,Organic,StackAdapt,Email Nurture,230032,6901,18977.75,34505,414,227700.0,3.0,82.5005,2.75,5.9991
2026-01-15,Jan 2026,2026-01,2026,Q1 2026,Paid Social,Bing Ads,Facebook Prospecting,176530,5296,14564.0,26480,318,174900.0,3.0001,82.5016,2.75,6.0045
2026-04-26,Apr 2026,2026-04,2026,Q2 2026,Paid Social,Google Ads,Facebook Prospecting,99515,2985,8208.75,14927,179,98450.0,2.9995,82.4876,2.75,5.9966
2026-01-02,Jan 2026,2026-01,2026,Q1 2026,Paid Search,HubSpot,Google Nonbrand,46316,1389,3819.75,6947,83,45650.0,2.999,82.4715,2.75,5.9755
2026-04-14,Apr 2026,2026-04,2026,Q2 2026,Programmatic,Google Analytics,Facebook Prospecting,188464,5654,15548.5,28270,339,186450.0,3.0,82.5012,2.75,5.9958
2025-10-27,Oct 2025,2025-10,2025,Q4 2025,Paid Search,LinkedIn Ads,Organic Content,165350,4961,13642.75,24803,298,163900.0,3.0003,82.5083,2.75,6.0069
2026-02-26,Feb 2026,2026-02,2026,Q1 2026,Paid Social,HubSpot,Awareness Push,169694,5091,14000.25,25454,305,167750.0,3.0001,82.5029,2.75,5.991
2025-11-24,Nov 2025,2025-11,2025,Q4 2025,Paid Social,Bing Ads,Competitor Search,4880,146,401.5,732,9,4950.0,2.9918,82.2746,2.75,6.1644
2026-01-25,Jan 2026,2026-01,2026,Q1 2026,Programmatic,Bing Ads,Facebook Prospecting,3332,100,275.0,500,6,3300.0,3.0012,82.533,2.75,6.0
2026-03-12,Mar 2026,2026-03,2026,Q1 2026,Paid Search,Amazon Ad Server,Enterprise ABM,71712,2151,5915.25,10757,129,70950.0,2.9995,82.4862,2.75,5.9972
2026-04-08,Apr 2026,2026-04,2026,Q2 2026,Organic,Facebook Ads,Awareness Push,141347,4240,11660.0,21202,254,139700.0,2.9997,82.492,2.75,5.9906
2025-11-22,Nov 2025,2025-11,2025,Q4 2025,Organic,Amazon Ad Server,Organic Content,202834,6085,16733.75,30425,365,200750.0,3.0,82.4997,2.75,5.9984
